"# (c) 2007-2020 NIHPO, Inc. - http://NIHPO.com   Licensed to PHUSE for non-commercial purposes only.   Contact: Jose.Lacal@NIHPO.com
# This program is free software: you can redistribute it and/or modify it under the terms of the GNU General Public License as published by the Free Software Foundation, version 3.""
# This program is distributed in the hope that it will be useful, but WITHOUT ANY WARRANTY; without even the implied warranty of MERCHANTABILITY or FITNESS FOR A PARTICULAR PURPOSE. See the GNU General Public License for more details.""
# You should have received a copy of the GNU General Public License along with this program.  If not, see https://www.gnu.org/licenses/gpl-3.0.html""
# WARNING: This information is completely fake. Values such as Age and Gender are randomly assigned using a Weighted Random Generator.""
# CREDIT: The specific fields used in this file are defined by a sample 'Analysis Dataset Programming Specification' Excel file generously provided by Roche."
"# This file was generated using the following parameters:
# 	Number of subjects: 1000. Study ID: 1234
# 	Minimum age: 18; Maximum age: 89
# 	Date recruitment started: 2013-01-01 00:00:00. Date indicated as current date: 2020-07-05 00:00:00
# 	Female split: 48
# 	Race splits:
# 		AMERICAN_INDIAN = 10
#		ASIAN = 13
#		BLACK = 19
#		NATIVE HAWAIIAN = 7
#		WHITE = 40
#		NOT REPORTED = 10
#		UNKNOWN = 1
# 	Percentage of 'Hispanic' race: 13
# 	The CSV separator is |  "
# Dataset: ADAE|Description: Adverse Events Analysis Dataset
STUDYID|USUBJID|SUBJID|SITEID|COUNTRY|ETHNIC|AGE|AGEU|AAGE|AAGEU|SEX|RACE|ITTFL|SAFFL|PPROTFL|TRT01P|TRT01A|TRTSDTM|TRTSDT|TRTEDTM|TRTEDT|DOMAIN|AESEQ|AEGRPID|AESPID|AETERM|AEMODIFY|AELLT|AELLTCD|AEDECOD|AEPTCD|AEHLT|AEHLTCD|AEHLGT|AEHLGTCD|AECAT|AESCAT|AEPRESP|AEBODSYS|AEBDSYCD|AESOC|AESOCCD|AELOC|AESEV|AESER|AEACN|AEACNOTH|AEREL|AERELNST|AEPATT|AEOUT|AESCAN|AESCONG|AESDISAB|AESDTH|AESHOSP|AESLIFE|AESOD|AESMIE|AECONTRT|AETOXGR|EPOCH|AESTDTC|AEENDTC|AESTDY|AEENDY|AEDUR|AESTRTPT|AESTTPT|AEENRTPT|AEENTPT|AETRTEM|ASTDTM|ASTDT|ASTDTF|ASTTMF|ASTDY|AENDTM|AENDT|AENDTF|AENTMF|AENDY|TRTEMFL|PREFL|FUPFL|AREL|ATOXGR|ADURN|ADURU|LDOSEDTM|LDOSEDT|LDRELD|AOCCIFL|AOCCPIFL|AOCCSIFL|AOCXIFL|AOCXPIFL|AOCXSIFL|ANL01FL
1234|006814d1-6da0-4632-afe2-c7619979240b|2a2906fa-3db7-4f19-b27d-c61df761ccd9|Site_04|VE|Non-Hispanic|64|Years|64|Years|M|WHITE|Y|U|PPROTFL|TRT01P|TRT01A|TRTSDTM|TRTSDT|TRTEDTM|TRTEDT|-DOMAIN-|1|Group_03|8cf3b23e-acac-4f8f-9efc-d79853355376|-AETERM-|-AEMODIFY-|-AELLT-|-AELLTCD-|-AEDECOD-|-AEPTCD-|-AEHLT-|-AEHLTCD-|-AEHLGT-|-AEHLGTCD-|-AECAT-|-AESCAT-|N|-AEBODSYS-|-AEBDSYCD-|-AESOC-|-AESOCCD-|VAGUS NERVE|SEVERE|U|DRUG INTERRUPTED|-AEACNOTH-|-AEREL-|N|-AEPATT-|RECOVERED/RESOLVED|N|N|NA|NA|U|Y|NA|Y|U|-AETOXGR-|CONTINUATION TREATMENT|-AESTDTC-|-AEENDTC-|-AESTDY-|-AEENDY-|-AEDUR-|COINCIDENT|-AESTTPT-|DURING|-AEENTPT-|N|-ASTDTM-|-ASTDT-|M|S|-ASTDY-|-AENDTM-|-AENDT-|Y|H|-AENDY-|-TRTEMFL-|-PREFL-|-FUPFL-|-AREL-|-ATOXGR-|-ADURN-|POINT|-LDOSEDTM-|-LDOSEDT-|-LDRELD-|-AOCCIFL-|-AOCCPIFL-|-AOCCSIFL-|-AOCXIFL-|-AOCXPIFL-|-AOCXSIFL-|-ANL01FL-
1234|401704fd-f1bb-4bcf-a623-4f320b85e58e|2cd19edf-efc7-493c-b2b9-138b42d6ce2f|Site_03|ES|Non-Hispanic|76|Years|76|Years|M|WHITE|Y|U|PPROTFL|TRT01P|TRT01A|TRTSDTM|TRTSDT|TRTEDTM|TRTEDT|-DOMAIN-|2|Group_03|c395976d-d21e-419f-9517-4c332388370f|-AETERM-|-AEMODIFY-|-AELLT-|-AELLTCD-|-AEDECOD-|-AEPTCD-|-AEHLT-|-AEHLTCD-|-AEHLGT-|-AEHLGTCD-|-AECAT-|-AESCAT-|U|-AEBODSYS-|-AEBDSYCD-|-AESOC-|-AESOCCD-|GREATER CURVATURE OF THE STOMACH|MODERATE|N|DRUG WITHDRAWN|-AEACNOTH-|-AEREL-|NA|-AEPATT-|NOT RECOVERED/NOT RESOLVED|N|N|Y|N|N|N|U|NA|U|-AETOXGR-|INDUCTION TREATMENT|-AESTDTC-|-AEENDTC-|-AESTDY-|-AEENDY-|-AEDUR-|BEFORE|-AESTTPT-|BEFORE|-AEENTPT-|Y|-ASTDTM-|-ASTDT-|Y|S|-ASTDY-|-AENDTM-|-AENDT-|D|M|-AENDY-|-TRTEMFL-|-PREFL-|-FUPFL-|-AREL-|-ATOXGR-|-ADURN-|um2|-LDOSEDTM-|-LDOSEDT-|-LDRELD-|-AOCCIFL-|-AOCCPIFL-|-AOCCSIFL-|-AOCXIFL-|-AOCXPIFL-|-AOCXSIFL-|-ANL01FL-
1234|8129eea5-1531-42ae-94a9-12bc2743a77c|a53a7749-4d7c-4f07-b199-badc72c6b6ae|Site_03|ZA|Non-Hispanic|53|Years|53|Years|M|BLACK OR AFRICAN AMERICAN|U|U|PPROTFL|TRT01P|TRT01A|TRTSDTM|TRTSDT|TRTEDTM|TRTEDT|-DOMAIN-|3|Group_03|820ab938-cf95-418d-9ab6-05df448075d3|-AETERM-|-AEMODIFY-|-AELLT-|-AELLTCD-|-AEDECOD-|-AEPTCD-|-AEHLT-|-AEHLTCD-|-AEHLGT-|-AEHLGTCD-|-AECAT-|-AESCAT-|N|-AEBODSYS-|-AEBDSYCD-|-AESOC-|-AESOCCD-|INTERNAL ILIAC LYMPH NODE|SEVERE|N|DRUG WITHDRAWN|-AEACNOTH-|-AEREL-|NA|-AEPATT-|RECOVERED/RESOLVED WITH SEQUELAE|NA|Y|N|U|NA|NA|NA|U|Y|-AETOXGR-|SCREENING|-AESTDTC-|-AEENDTC-|-AESTDY-|-AEENDY-|-AEDUR-|ONGOING|-AESTTPT-|DURING|-AEENTPT-|NA|-ASTDTM-|-ASTDT-|D|M|-ASTDY-|-AENDTM-|-AENDT-|M|M|-AENDY-|-TRTEMFL-|-PREFL-|-FUPFL-|-AREL-|-ATOXGR-|-ADURN-|ppm|-LDOSEDTM-|-LDOSEDT-|-LDRELD-|-AOCCIFL-|-AOCCPIFL-|-AOCCSIFL-|-AOCXIFL-|-AOCXPIFL-|-AOCXSIFL-|-ANL01FL-
1234|af1d1655-d1c8-4fa5-b72f-d16594d3506f|602fc2e7-2770-4a44-acdd-888a3bcd84ac|Site_03|DE|Non-Hispanic|51|Years|51|Years|M|BLACK OR AFRICAN AMERICAN|U|Y|PPROTFL|TRT01P|TRT01A|TRTSDTM|TRTSDT|TRTEDTM|TRTEDT|-DOMAIN-|4|Group_03|49b4a83f-0c81-4373-be98-40140d72aa04|-AETERM-|-AEMODIFY-|-AELLT-|-AELLTCD-|-AEDECOD-|-AEPTCD-|-AEHLT-|-AEHLTCD-|-AEHLGT-|-AEHLGTCD-|-AECAT-|-AESCAT-|U|-AEBODSYS-|-AEBDSYCD-|-AESOC-|-AESOCCD-|RETROAURICULAR LYMPH NODE|MILD|NA|UNKNOWN|-AEACNOTH-|-AEREL-|N|-AEPATT-|UNKNOWN|U|N|U|U|N|Y|Y|Y|Y|-AETOXGR-|CONTINUATION TREATMENT|-AESTDTC-|-AEENDTC-|-AESTDY-|-AEENDY-|-AEDUR-|COINCIDENT|-AESTTPT-|AFTER|-AEENTPT-|Y|-ASTDTM-|-ASTDT-|D|H|-ASTDY-|-AENDTM-|-AENDT-|M|M|-AENDY-|-TRTEMFL-|-PREFL-|-FUPFL-|-AREL-|-ATOXGR-|-ADURN-|mL/min/mmHg|-LDOSEDTM-|-LDOSEDT-|-LDRELD-|-AOCCIFL-|-AOCCPIFL-|-AOCCSIFL-|-AOCXIFL-|-AOCXPIFL-|-AOCXSIFL-|-ANL01FL-
1234|fa764875-9b7c-420f-93a9-73844fa2b746|6791f377-d76e-4057-887c-04661ff29e1d|Site_01|VE|Non-Hispanic|58|Years|58|Years|F|NATIVE HAWAIIAN OR OTHER PACIFIC ISLANDER|N|N|PPROTFL|TRT01P|TRT01A|TRTSDTM|TRTSDT|TRTEDTM|TRTEDT|-DOMAIN-|5|Group_03|76c8c625-501c-4a94-bbbf-1359e793e756|-AETERM-|-AEMODIFY-|-AELLT-|-AELLTCD-|-AEDECOD-|-AEPTCD-|-AEHLT-|-AEHLTCD-|-AEHLGT-|-AEHLGTCD-|-AECAT-|-AESCAT-|NA|-AEBODSYS-|-AEBDSYCD-|-AESOC-|-AESOCCD-|BRAIN, THIRD VENTRICLE|SEVERE|N|UNKNOWN|-AEACNOTH-|-AEREL-|N|-AEPATT-|RECOVERED/RESOLVED WITH SEQUELAE|NA|U|Y|N|N|N|N|U|U|-AETOXGR-|BASELINE|-AESTDTC-|-AEENDTC-|-AESTDY-|-AEENDY-|-AEDUR-|BEFORE|-AESTTPT-|DURING|-AEENTPT-|NA|-ASTDTM-|-ASTDT-|D|M|-ASTDY-|-AENDTM-|-AENDT-|M|H|-AENDY-|-TRTEMFL-|-PREFL-|-FUPFL-|-AREL-|-ATOXGR-|-ADURN-|mL/cm H2O|-LDOSEDTM-|-LDOSEDT-|-LDRELD-|-AOCCIFL-|-AOCCPIFL-|-AOCCSIFL-|-AOCXIFL-|-AOCXPIFL-|-AOCXSIFL-|-ANL01FL-
1234|6ef18bc0-c53f-472e-b433-6bf30366bcda|aaee3897-d2bf-4ab3-a153-eb4788a387aa|Site_03|ES|Non-Hispanic|54|Years|54|Years|M|WHITE|N|NA|PPROTFL|TRT01P|TRT01A|TRTSDTM|TRTSDT|TRTEDTM|TRTEDT|-DOMAIN-|6|Group_03|0b7709d1-ae71-494d-a6fe-6a9c3807f212|-AETERM-|-AEMODIFY-|-AELLT-|-AELLTCD-|-AEDECOD-|-AEPTCD-|-AEHLT-|-AEHLTCD-|-AEHLGT-|-AEHLGTCD-|-AECAT-|-AESCAT-|N|-AEBODSYS-|-AEBDSYCD-|-AESOC-|-AESOCCD-|HAND DIGIT 3|SEVERE|U|DOSE RATE REDUCED|-AEACNOTH-|-AEREL-|U|-AEPATT-|RECOVERED/RESOLVED|Y|U|N|N|N|Y|U|Y|Y|-AETOXGR-|INDUCTION TREATMENT|-AESTDTC-|-AEENDTC-|-AESTDY-|-AEENDY-|-AEDUR-|UNKNOWN|-AESTTPT-|DURING|-AEENTPT-|Y|-ASTDTM-|-ASTDT-|Y|H|-ASTDY-|-AENDTM-|-AENDT-|M|M|-AENDY-|-TRTEMFL-|-PREFL-|-FUPFL-|-AREL-|-ATOXGR-|-ADURN-|U/m2|-LDOSEDTM-|-LDOSEDT-|-LDRELD-|-AOCCIFL-|-AOCCPIFL-|-AOCCSIFL-|-AOCXIFL-|-AOCXPIFL-|-AOCXSIFL-|-ANL01FL-
1234|8d05228a-62d4-40f4-8626-315ef92aa07d|614cdd50-31de-496f-8ea6-fb23e4a73985|Site_03|UK|Non-Hispanic|37|Years|37|Years|F|WHITE|U|NA|PPROTFL|TRT01P|TRT01A|TRTSDTM|TRTSDT|TRTEDTM|TRTEDT|-DOMAIN-|7|Group_03|f926aab9-d9b4-4164-b53f-0306da19061f|-AETERM-|-AEMODIFY-|-AELLT-|-AELLTCD-|-AEDECOD-|-AEPTCD-|-AEHLT-|-AEHLTCD-|-AEHLGT-|-AEHLGTCD-|-AECAT-|-AESCAT-|Y|-AEBODSYS-|-AEBDSYCD-|-AESOC-|-AESOCCD-|ASCENDING AORTA, AORTIC ROOT|MILD|U|NOT APPLICABLE|-AEACNOTH-|-AEREL-|N|-AEPATT-|RECOVERED/RESOLVED WITH SEQUELAE|Y|U|Y|N|U|N|U|U|Y|-AETOXGR-|RUN-IN|-AESTDTC-|-AEENDTC-|-AESTDY-|-AEENDY-|-AEDUR-|DURING/AFTER|-AESTTPT-|UNKNOWN|-AEENTPT-|U|-ASTDTM-|-ASTDT-|Y|S|-ASTDY-|-AENDTM-|-AENDT-|D|S|-AENDY-|-TRTEMFL-|-PREFL-|-FUPFL-|-AREL-|-ATOXGR-|-ADURN-|mEq|-LDOSEDTM-|-LDOSEDT-|-LDRELD-|-AOCCIFL-|-AOCCPIFL-|-AOCCSIFL-|-AOCXIFL-|-AOCXPIFL-|-AOCXSIFL-|-ANL01FL-
1234|5ea7f61c-ab91-4196-b09e-6c16dd581f5f|d4e23223-8900-4d37-b2ee-01ece3a76847|Site_03|DE|Hispanic|67|Years|67|Years|F|AMERICAN INDIAN OR ALASKA NATIVE|U|Y|PPROTFL|TRT01P|TRT01A|TRTSDTM|TRTSDT|TRTEDTM|TRTEDT|-DOMAIN-|8|Group_04|07bc789d-e7bd-4fd4-bbf9-eeaca7560f76|-AETERM-|-AEMODIFY-|-AELLT-|-AELLTCD-|-AEDECOD-|-AEPTCD-|-AEHLT-|-AEHLTCD-|-AEHLGT-|-AEHLGTCD-|-AECAT-|-AESCAT-|N|-AEBODSYS-|-AEBDSYCD-|-AESOC-|-AESOCCD-|EPIDURAL SPACE|MODERATE|Y|DOSE INCREASED|-AEACNOTH-|-AEREL-|U|-AEPATT-|RECOVERING/RESOLVING|U|U|N|U|Y|Y|N|U|NA|-AETOXGR-|CONTINUATION TREATMENT|-AESTDTC-|-AEENDTC-|-AESTDY-|-AEENDY-|-AEDUR-|DURING/AFTER|-AESTTPT-|AFTER|-AEENTPT-|U|-ASTDTM-|-ASTDT-|D|H|-ASTDY-|-AENDTM-|-AENDT-|Y|H|-AENDY-|-TRTEMFL-|-PREFL-|-FUPFL-|-AREL-|-ATOXGR-|-ADURN-|MBq/uL|-LDOSEDTM-|-LDOSEDT-|-LDRELD-|-AOCCIFL-|-AOCCPIFL-|-AOCCSIFL-|-AOCXIFL-|-AOCXPIFL-|-AOCXSIFL-|-ANL01FL-
1234|87785a38-af5a-455a-8762-8321accaeec6|3edc6661-b0cf-44b0-bdcc-b042b45a2e68|Site_03|ZA|Non-Hispanic|89|Years|89|Years|F|NOT REPORTED|Y|NA|PPROTFL|TRT01P|TRT01A|TRTSDTM|TRTSDT|TRTEDTM|TRTEDT|-DOMAIN-|9|Group_03|b37ec658-ec44-46be-b4df-3f3117a80985|-AETERM-|-AEMODIFY-|-AELLT-|-AELLTCD-|-AEDECOD-|-AEPTCD-|-AEHLT-|-AEHLTCD-|-AEHLGT-|-AEHLGTCD-|-AECAT-|-AESCAT-|U|-AEBODSYS-|-AEBDSYCD-|-AESOC-|-AESOCCD-|METATARSOPHALANGEAL JOINT 1|MODERATE|N|DOSE INCREASED|-AEACNOTH-|-AEREL-|N|-AEPATT-|RECOVERED/RESOLVED WITH SEQUELAE|U|N|Y|N|NA|NA|U|Y|NA|-AETOXGR-|OBSERVATION|-AESTDTC-|-AEENDTC-|-AESTDY-|-AEENDY-|-AEDUR-|ONGOING|-AESTTPT-|UNKNOWN|-AEENTPT-|Y|-ASTDTM-|-ASTDT-|D|H|-ASTDY-|-AENDTM-|-AENDT-|Y|M|-AENDY-|-TRTEMFL-|-PREFL-|-FUPFL-|-AREL-|-ATOXGR-|-ADURN-|10^6 U|-LDOSEDTM-|-LDOSEDT-|-LDRELD-|-AOCCIFL-|-AOCCPIFL-|-AOCCSIFL-|-AOCXIFL-|-AOCXPIFL-|-AOCXSIFL-|-ANL01FL-
1234|bffae6e5-0dab-4940-94e3-605981fdf3c9|ee7aca51-4ee5-45b5-b119-9123aec9d88b|Site_02|UK|Non-Hispanic|41|Years|41|Years|F|WHITE|N|Y|PPROTFL|TRT01P|TRT01A|TRTSDTM|TRTSDT|TRTEDTM|TRTEDT|-DOMAIN-|10|Group_02|fd91c882-ec6f-446f-8675-c7fa792ec071|-AETERM-|-AEMODIFY-|-AELLT-|-AELLTCD-|-AEDECOD-|-AEPTCD-|-AEHLT-|-AEHLTCD-|-AEHLGT-|-AEHLGTCD-|-AECAT-|-AESCAT-|NA|-AEBODSYS-|-AEBDSYCD-|-AESOC-|-AESOCCD-|APPENDICULAR SKELETON|SEVERE|NA|NOT APPLICABLE|-AEACNOTH-|-AEREL-|NA|-AEPATT-|UNKNOWN|U|N|N|Y|Y|NA|N|Y|N|-AETOXGR-|INDUCTION TREATMENT|-AESTDTC-|-AEENDTC-|-AESTDY-|-AEENDY-|-AEDUR-|UNKNOWN|-AESTTPT-|COINCIDENT|-AEENTPT-|U|-ASTDTM-|-ASTDT-|Y|S|-ASTDY-|-AENDTM-|-AENDT-|Y|H|-AENDY-|-TRTEMFL-|-PREFL-|-FUPFL-|-AREL-|-ATOXGR-|-ADURN-|Pa|-LDOSEDTM-|-LDOSEDT-|-LDRELD-|-AOCCIFL-|-AOCCPIFL-|-AOCCSIFL-|-AOCXIFL-|-AOCXPIFL-|-AOCXSIFL-|-ANL01FL-
1234|90a1ab40-111d-4985-9f76-bc80351c49f4|fa770dd2-d1a0-47b4-bdef-2ce62c0db015|Site_03|UK|Non-Hispanic|81|Years|81|Years|M|WHITE|N|NA|PPROTFL|TRT01P|TRT01A|TRTSDTM|TRTSDT|TRTEDTM|TRTEDT|-DOMAIN-|11|Group_03|70166b87-26fd-4309-9861-f50694bed243|-AETERM-|-AEMODIFY-|-AELLT-|-AELLTCD-|-AEDECOD-|-AEPTCD-|-AEHLT-|-AEHLTCD-|-AEHLGT-|-AEHLGTCD-|-AECAT-|-AESCAT-|Y|-AEBODSYS-|-AEBDSYCD-|-AESOC-|-AESOCCD-|ILIAC CREST|MODERATE|NA|DOSE INCREASED|-AEACNOTH-|-AEREL-|Y|-AEPATT-|RECOVERED/RESOLVED WITH SEQUELAE|U|NA|Y|NA|Y|U|NA|NA|Y|-AETOXGR-|FOLLOW-UP|-AESTDTC-|-AEENDTC-|-AESTDY-|-AEENDY-|-AEDUR-|BEFORE|-AESTTPT-|ONGOING|-AEENTPT-|Y|-ASTDTM-|-ASTDT-|M|H|-ASTDY-|-AENDTM-|-AENDT-|M|H|-AENDY-|-TRTEMFL-|-PREFL-|-FUPFL-|-AREL-|-ATOXGR-|-ADURN-|ppm|-LDOSEDTM-|-LDOSEDT-|-LDRELD-|-AOCCIFL-|-AOCCPIFL-|-AOCCSIFL-|-AOCXIFL-|-AOCXPIFL-|-AOCXSIFL-|-ANL01FL-
1234|8a9f9ddf-2ef1-4707-b8b2-f65a3a6e6081|4f4baa32-1a0d-435d-915a-f0a7592eab74|Site_03|DE|Non-Hispanic|63|Years|63|Years|M|WHITE|U|Y|PPROTFL|TRT01P|TRT01A|TRTSDTM|TRTSDT|TRTEDTM|TRTEDT|-DOMAIN-|12|Group_04|04136656-03d1-4420-bba5-85bd2082a46c|-AETERM-|-AEMODIFY-|-AELLT-|-AELLTCD-|-AEDECOD-|-AEPTCD-|-AEHLT-|-AEHLTCD-|-AEHLGT-|-AEHLGTCD-|-AECAT-|-AESCAT-|Y|-AEBODSYS-|-AEBDSYCD-|-AESOC-|-AESOCCD-|STOMACH|MILD|N|DOSE RATE REDUCED|-AEACNOTH-|-AEREL-|Y|-AEPATT-|FATAL|U|Y|Y|Y|U|N|N|U|N|-AETOXGR-|CONTINUATION TREATMENT|-AESTDTC-|-AEENDTC-|-AESTDY-|-AEENDY-|-AEDUR-|DURING/AFTER|-AESTTPT-|AFTER|-AEENTPT-|U|-ASTDTM-|-ASTDT-|D|M|-ASTDY-|-AENDTM-|-AENDT-|M|H|-AENDY-|-TRTEMFL-|-PREFL-|-FUPFL-|-AREL-|-ATOXGR-|-ADURN-|mAnson U/mL|-LDOSEDTM-|-LDOSEDT-|-LDRELD-|-AOCCIFL-|-AOCCPIFL-|-AOCCSIFL-|-AOCXIFL-|-AOCXPIFL-|-AOCXSIFL-|-ANL01FL-
1234|3022b1fa-8d10-4347-8df0-7aeb661ba3a5|c1ba7a4d-588e-47fc-a7c0-85571266695f|Site_03|DE|Non-Hispanic|54|Years|54|Years|M|BLACK OR AFRICAN AMERICAN|NA|N|PPROTFL|TRT01P|TRT01A|TRTSDTM|TRTSDT|TRTEDTM|TRTEDT|-DOMAIN-|13|Group_02|e326d3c4-e160-4ae3-b470-28c0688c660d|-AETERM-|-AEMODIFY-|-AELLT-|-AELLTCD-|-AEDECOD-|-AEPTCD-|-AEHLT-|-AEHLTCD-|-AEHLGT-|-AEHLGTCD-|-AECAT-|-AESCAT-|U|-AEBODSYS-|-AEBDSYCD-|-AESOC-|-AESOCCD-|PROXIMAL PHALANX 1 OF THE HAND|MODERATE|Y|DOSE RATE REDUCED|-AEACNOTH-|-AEREL-|U|-AEPATT-|FATAL|NA|NA|N|U|NA|N|N|U|U|-AETOXGR-|OPEN LABEL TREATMENT|-AESTDTC-|-AEENDTC-|-AESTDY-|-AEENDY-|-AEDUR-|COINCIDENT|-AESTTPT-|COINCIDENT|-AEENTPT-|N|-ASTDTM-|-ASTDT-|M|H|-ASTDY-|-AENDTM-|-AENDT-|Y|S|-AENDY-|-TRTEMFL-|-PREFL-|-FUPFL-|-AREL-|-ATOXGR-|-ADURN-|IU/mg|-LDOSEDTM-|-LDOSEDT-|-LDRELD-|-AOCCIFL-|-AOCCPIFL-|-AOCCSIFL-|-AOCXIFL-|-AOCXPIFL-|-AOCXSIFL-|-ANL01FL-
1234|d49085d2-c766-42dc-be2e-8851263ac40b|1a839c0a-288c-4f57-af9e-e60a0d7a4d68|Site_04|UK|Non-Hispanic|30|Years|30|Years|M|NOT REPORTED|NA|N|PPROTFL|TRT01P|TRT01A|TRTSDTM|TRTSDT|TRTEDTM|TRTEDT|-DOMAIN-|14|Group_03|35ded164-2281-427d-88e6-8850a8a6cd4b|-AETERM-|-AEMODIFY-|-AELLT-|-AELLTCD-|-AEDECOD-|-AEPTCD-|-AEHLT-|-AEHLTCD-|-AEHLGT-|-AEHLGTCD-|-AECAT-|-AESCAT-|N|-AEBODSYS-|-AEBDSYCD-|-AESOC-|-AESOCCD-|CAPITATE BONE|MODERATE|NA|DRUG INTERRUPTED|-AEACNOTH-|-AEREL-|U|-AEPATT-|RECOVERED/RESOLVED|U|Y|N|U|N|NA|N|N|U|-AETOXGR-|OBSERVATION|-AESTDTC-|-AEENDTC-|-AESTDY-|-AEENDY-|-AEDUR-|UNKNOWN|-AESTTPT-|AFTER|-AEENTPT-|NA|-ASTDTM-|-ASTDT-|Y|H|-ASTDY-|-AENDTM-|-AENDT-|Y|S|-AENDY-|-TRTEMFL-|-PREFL-|-FUPFL-|-AREL-|-ATOXGR-|-ADURN-|FEU|-LDOSEDTM-|-LDOSEDT-|-LDRELD-|-AOCCIFL-|-AOCCPIFL-|-AOCCSIFL-|-AOCXIFL-|-AOCXPIFL-|-AOCXSIFL-|-ANL01FL-
1234|64aeaaab-45ec-4a3c-9592-40b1f700f8e7|6d3490fa-85a3-4f42-899a-347496fe1829|Site_03|DE|Non-Hispanic|68|Years|68|Years|F|NOT REPORTED|U|NA|PPROTFL|TRT01P|TRT01A|TRTSDTM|TRTSDT|TRTEDTM|TRTEDT|-DOMAIN-|15|Group_03|bce4fcd5-e98c-4911-bc03-c271e51bd81d|-AETERM-|-AEMODIFY-|-AELLT-|-AELLTCD-|-AEDECOD-|-AEPTCD-|-AEHLT-|-AEHLTCD-|-AEHLGT-|-AEHLGTCD-|-AECAT-|-AESCAT-|N|-AEBODSYS-|-AEBDSYCD-|-AESOC-|-AESOCCD-|LEFT VENTRICULAR MID ANTEROLATERAL SEGMENT|MILD|NA|NOT APPLICABLE|-AEACNOTH-|-AEREL-|NA|-AEPATT-|FATAL|Y|U|U|U|NA|N|NA|Y|U|-AETOXGR-|BLINDED TREATMENT|-AESTDTC-|-AEENDTC-|-AESTDY-|-AEENDY-|-AEDUR-|UNKNOWN|-AESTTPT-|AFTER|-AEENTPT-|N|-ASTDTM-|-ASTDT-|Y|H|-ASTDY-|-AENDTM-|-AENDT-|D|M|-AENDY-|-TRTEMFL-|-PREFL-|-FUPFL-|-AREL-|-ATOXGR-|-ADURN-|VIAL|-LDOSEDTM-|-LDOSEDT-|-LDRELD-|-AOCCIFL-|-AOCCPIFL-|-AOCCSIFL-|-AOCXIFL-|-AOCXPIFL-|-AOCXSIFL-|-ANL01FL-
1234|a05ef851-8ea4-42f7-881e-1131e7f0ebf1|b76d7814-a982-4d46-a971-823f09cb5f58|Site_04|DE|Non-Hispanic|73|Years|73|Years|F|WHITE|Y|U|PPROTFL|TRT01P|TRT01A|TRTSDTM|TRTSDT|TRTEDTM|TRTEDT|-DOMAIN-|16|Group_04|6188c55a-b1c2-4856-8eee-08f732cb190f|-AETERM-|-AEMODIFY-|-AELLT-|-AELLTCD-|-AEDECOD-|-AEPTCD-|-AEHLT-|-AEHLTCD-|-AEHLGT-|-AEHLGTCD-|-AECAT-|-AESCAT-|NA|-AEBODSYS-|-AEBDSYCD-|-AESOC-|-AESOCCD-|PYRAMIDAL TRACTS, BRAINSTEM|SEVERE|Y|DOSE INCREASED|-AEACNOTH-|-AEREL-|NA|-AEPATT-|UNKNOWN|U|N|U|N|Y|N|U|NA|U|-AETOXGR-|OPEN LABEL TREATMENT|-AESTDTC-|-AEENDTC-|-AESTDY-|-AEENDY-|-AEDUR-|AFTER|-AESTTPT-|DURING|-AEENTPT-|Y|-ASTDTM-|-ASTDT-|Y|S|-ASTDY-|-AENDTM-|-AENDT-|M|H|-AENDY-|-TRTEMFL-|-PREFL-|-FUPFL-|-AREL-|-ATOXGR-|-ADURN-|10^4/hpf|-LDOSEDTM-|-LDOSEDT-|-LDRELD-|-AOCCIFL-|-AOCCPIFL-|-AOCCSIFL-|-AOCXIFL-|-AOCXPIFL-|-AOCXSIFL-|-ANL01FL-
1234|1bddb6e4-21d2-45a3-81d6-a7f4f828e44a|46097ff5-5608-4171-a089-27bbf57625c0|Site_03|DE|Non-Hispanic|52|Years|52|Years|M|WHITE|Y|NA|PPROTFL|TRT01P|TRT01A|TRTSDTM|TRTSDT|TRTEDTM|TRTEDT|-DOMAIN-|17|Group_03|41bea4d7-b14e-4b65-b82f-cf14f316311b|-AETERM-|-AEMODIFY-|-AELLT-|-AELLTCD-|-AEDECOD-|-AEPTCD-|-AEHLT-|-AEHLTCD-|-AEHLGT-|-AEHLGTCD-|-AECAT-|-AESCAT-|N|-AEBODSYS-|-AEBDSYCD-|-AESOC-|-AESOCCD-|BACK|MODERATE|NA|DRUG INTERRUPTED|-AEACNOTH-|-AEREL-|U|-AEPATT-|NOT RECOVERED/NOT RESOLVED|Y|U|NA|U|Y|U|N|U|NA|-AETOXGR-|INDUCTION TREATMENT|-AESTDTC-|-AEENDTC-|-AESTDY-|-AEENDY-|-AEDUR-|UNKNOWN|-AESTTPT-|AFTER|-AEENTPT-|N|-ASTDTM-|-ASTDT-|D|S|-ASTDY-|-AENDTM-|-AENDT-|M|S|-AENDY-|-TRTEMFL-|-PREFL-|-FUPFL-|-AREL-|-ATOXGR-|-ADURN-|kPa/L/sec|-LDOSEDTM-|-LDOSEDT-|-LDRELD-|-AOCCIFL-|-AOCCPIFL-|-AOCCSIFL-|-AOCXIFL-|-AOCXPIFL-|-AOCXSIFL-|-ANL01FL-
1234|f567c847-4de8-4145-b5a4-5bf2d6d52b15|400e86b7-c317-471f-be3f-d490b7410879|Site_01|ZA|Non-Hispanic|72|Years|72|Years|M|BLACK OR AFRICAN AMERICAN|N|Y|PPROTFL|TRT01P|TRT01A|TRTSDTM|TRTSDT|TRTEDTM|TRTEDT|-DOMAIN-|18|Group_02|c0bb470d-59db-45a6-a48d-022ac6262ab7|-AETERM-|-AEMODIFY-|-AELLT-|-AELLTCD-|-AEDECOD-|-AEPTCD-|-AEHLT-|-AEHLTCD-|-AEHLGT-|-AEHLGTCD-|-AECAT-|-AESCAT-|U|-AEBODSYS-|-AEBDSYCD-|-AESOC-|-AESOCCD-|EAR, OUTER|SEVERE|N|UNKNOWN|-AEACNOTH-|-AEREL-|NA|-AEPATT-|NOT RECOVERED/NOT RESOLVED|U|Y|U|N|N|U|NA|NA|Y|-AETOXGR-|BASELINE|-AESTDTC-|-AEENDTC-|-AESTDY-|-AEENDY-|-AEDUR-|BEFORE|-AESTTPT-|ONGOING|-AEENTPT-|NA|-ASTDTM-|-ASTDT-|Y|S|-ASTDY-|-AENDTM-|-AENDT-|M|M|-AENDY-|-TRTEMFL-|-PREFL-|-FUPFL-|-AREL-|-ATOXGR-|-ADURN-|uIU/dL|-LDOSEDTM-|-LDOSEDT-|-LDRELD-|-AOCCIFL-|-AOCCPIFL-|-AOCCSIFL-|-AOCXIFL-|-AOCXPIFL-|-AOCXSIFL-|-ANL01FL-
1234|28d81933-c697-410d-8d02-1558a08de4f0|1f0723bb-623f-437d-900b-0ec2b15d7c70|Site_04|DE|Non-Hispanic|33|Years|33|Years|F|NOT REPORTED|U|N|PPROTFL|TRT01P|TRT01A|TRTSDTM|TRTSDT|TRTEDTM|TRTEDT|-DOMAIN-|19|Group_03|5b846f09-6489-41e0-82ff-ba116ee5334a|-AETERM-|-AEMODIFY-|-AELLT-|-AELLTCD-|-AEDECOD-|-AEPTCD-|-AEHLT-|-AEHLTCD-|-AEHLGT-|-AEHLGTCD-|-AECAT-|-AESCAT-|NA|-AEBODSYS-|-AEBDSYCD-|-AESOC-|-AESOCCD-|CALCARINE SULCUS|SEVERE|U|NOT APPLICABLE|-AEACNOTH-|-AEREL-|U|-AEPATT-|RECOVERING/RESOLVING|NA|NA|U|N|N|Y|NA|NA|U|-AETOXGR-|BASELINE|-AESTDTC-|-AEENDTC-|-AESTDY-|-AEENDY-|-AEDUR-|AFTER|-AESTTPT-|AFTER|-AEENTPT-|N|-ASTDTM-|-ASTDT-|D|H|-ASTDY-|-AENDTM-|-AENDT-|D|M|-AENDY-|-TRTEMFL-|-PREFL-|-FUPFL-|-AREL-|-ATOXGR-|-ADURN-|10^3 CFU/mL|-LDOSEDTM-|-LDOSEDT-|-LDRELD-|-AOCCIFL-|-AOCCPIFL-|-AOCCSIFL-|-AOCXIFL-|-AOCXPIFL-|-AOCXSIFL-|-ANL01FL-
1234|58f91053-a734-4702-919b-c3f5b73a0b5a|952c7ff3-1b28-4ed2-a85f-2dd3e1999756|Site_03|ES|Non-Hispanic|65|Years|65|Years|M|WHITE|Y|N|PPROTFL|TRT01P|TRT01A|TRTSDTM|TRTSDT|TRTEDTM|TRTEDT|-DOMAIN-|20|Group_02|19c82b26-a490-4840-9b24-1ff587b97351|-AETERM-|-AEMODIFY-|-AELLT-|-AELLTCD-|-AEDECOD-|-AEPTCD-|-AEHLT-|-AEHLTCD-|-AEHLGT-|-AEHLGTCD-|-AECAT-|-AESCAT-|Y|-AEBODSYS-|-AEBDSYCD-|-AESOC-|-AESOCCD-|DISTAL INTERPHALANGEAL JOINT 2 OF THE FOOT|MILD|N|DOSE RATE REDUCED|-AEACNOTH-|-AEREL-|NA|-AEPATT-|UNKNOWN|Y|NA|NA|NA|NA|Y|N|NA|N|-AETOXGR-|RUN-IN|-AESTDTC-|-AEENDTC-|-AESTDY-|-AEENDY-|-AEDUR-|DURING/AFTER|-AESTTPT-|DURING|-AEENTPT-|NA|-ASTDTM-|-ASTDT-|D|S|-ASTDY-|-AENDTM-|-AENDT-|D|H|-AENDY-|-TRTEMFL-|-PREFL-|-FUPFL-|-AREL-|-ATOXGR-|-ADURN-|mol/mg|-LDOSEDTM-|-LDOSEDT-|-LDRELD-|-AOCCIFL-|-AOCCPIFL-|-AOCCSIFL-|-AOCXIFL-|-AOCXPIFL-|-AOCXSIFL-|-ANL01FL-
1234|ff7181b1-43cf-4720-ad92-4ec4f01af46d|e32fc13f-a8e5-4c67-b404-5dab2ac1d51e|Site_02|VE|Hispanic|67|Years|67|Years|M|WHITE|NA|N|PPROTFL|TRT01P|TRT01A|TRTSDTM|TRTSDT|TRTEDTM|TRTEDT|-DOMAIN-|21|Group_02|a8f73aec-5d73-4919-814f-2c1d1c828c00|-AETERM-|-AEMODIFY-|-AELLT-|-AELLTCD-|-AEDECOD-|-AEPTCD-|-AEHLT-|-AEHLTCD-|-AEHLGT-|-AEHLGTCD-|-AECAT-|-AESCAT-|N|-AEBODSYS-|-AEBDSYCD-|-AESOC-|-AESOCCD-|FLEXOR HALLUCIS LONGUS MUSCLE|MILD|NA|DOSE INCREASED|-AEACNOTH-|-AEREL-|U|-AEPATT-|NOT RECOVERED/NOT RESOLVED|N|U|Y|U|Y|N|NA|Y|Y|-AETOXGR-|SCREENING|-AESTDTC-|-AEENDTC-|-AESTDY-|-AEENDY-|-AEDUR-|DURING/AFTER|-AESTTPT-|ONGOING|-AEENTPT-|U|-ASTDTM-|-ASTDT-|Y|H|-ASTDY-|-AENDTM-|-AENDT-|Y|M|-AENDY-|-TRTEMFL-|-PREFL-|-FUPFL-|-AREL-|-ATOXGR-|-ADURN-|pL|-LDOSEDTM-|-LDOSEDT-|-LDRELD-|-AOCCIFL-|-AOCCPIFL-|-AOCCSIFL-|-AOCXIFL-|-AOCXPIFL-|-AOCXSIFL-|-ANL01FL-
1234|5d325aef-2bf5-4724-b66c-38bb803925c9|f0d8f3d1-ac02-47e3-adfd-1b9ffb1d1d6d|Site_03|UK|Hispanic|37|Years|37|Years|F|WHITE|N|N|PPROTFL|TRT01P|TRT01A|TRTSDTM|TRTSDT|TRTEDTM|TRTEDT|-DOMAIN-|22|Group_03|39f39cc2-44cb-4172-a457-9e60703ef922|-AETERM-|-AEMODIFY-|-AELLT-|-AELLTCD-|-AEDECOD-|-AEPTCD-|-AEHLT-|-AEHLTCD-|-AEHLGT-|-AEHLGTCD-|-AECAT-|-AESCAT-|N|-AEBODSYS-|-AEBDSYCD-|-AESOC-|-AESOCCD-|POPLITEAL ARTERY ABOVE KNEE|SEVERE|U|DOSE RATE REDUCED|-AEACNOTH-|-AEREL-|N|-AEPATT-|RECOVERED/RESOLVED WITH SEQUELAE|Y|NA|N|N|Y|Y|N|U|Y|-AETOXGR-|OBSERVATION|-AESTDTC-|-AEENDTC-|-AESTDY-|-AEENDY-|-AEDUR-|COINCIDENT|-AESTTPT-|DURING|-AEENTPT-|N|-ASTDTM-|-ASTDT-|M|M|-ASTDY-|-AENDTM-|-AENDT-|Y|S|-AENDY-|-TRTEMFL-|-PREFL-|-FUPFL-|-AREL-|-ATOXGR-|-ADURN-|PATCH|-LDOSEDTM-|-LDOSEDT-|-LDRELD-|-AOCCIFL-|-AOCCPIFL-|-AOCCSIFL-|-AOCXIFL-|-AOCXPIFL-|-AOCXSIFL-|-ANL01FL-
1234|c454a2f4-b174-48bf-b61c-1ca87ad7569c|a9f99586-892e-467f-b324-352bb8aa034b|Site_04|ES|Non-Hispanic|60|Years|60|Years|F|NOT REPORTED|U|U|PPROTFL|TRT01P|TRT01A|TRTSDTM|TRTSDT|TRTEDTM|TRTEDT|-DOMAIN-|23|Group_04|9b72dd0e-5e2e-41a0-98dc-6cf75fe94b67|-AETERM-|-AEMODIFY-|-AELLT-|-AELLTCD-|-AEDECOD-|-AEPTCD-|-AEHLT-|-AEHLTCD-|-AEHLGT-|-AEHLGTCD-|-AECAT-|-AESCAT-|Y|-AEBODSYS-|-AEBDSYCD-|-AESOC-|-AESOCCD-|CHEST WALL|MILD|NA|DOSE RATE REDUCED|-AEACNOTH-|-AEREL-|N|-AEPATT-|FATAL|U|U|NA|Y|N|Y|Y|N|Y|-AETOXGR-|FOLLOW-UP|-AESTDTC-|-AEENDTC-|-AESTDY-|-AEENDY-|-AEDUR-|DURING|-AESTTPT-|DURING/AFTER|-AEENTPT-|Y|-ASTDTM-|-ASTDT-|Y|H|-ASTDY-|-AENDTM-|-AENDT-|M|M|-AENDY-|-TRTEMFL-|-PREFL-|-FUPFL-|-AREL-|-ATOXGR-|-ADURN-|L/day|-LDOSEDTM-|-LDOSEDT-|-LDRELD-|-AOCCIFL-|-AOCCPIFL-|-AOCCSIFL-|-AOCXIFL-|-AOCXPIFL-|-AOCXSIFL-|-ANL01FL-
1234|121066f3-ea51-4c63-a80a-bcf95e9c1ec8|f9a560e6-78f3-4b0d-b221-520d734009f2|Site_01|DE|Non-Hispanic|65|Years|65|Years|M|WHITE|NA|N|PPROTFL|TRT01P|TRT01A|TRTSDTM|TRTSDT|TRTEDTM|TRTEDT|-DOMAIN-|24|Group_03|d55d804c-2914-4d99-886d-2ac606ad821a|-AETERM-|-AEMODIFY-|-AELLT-|-AELLTCD-|-AEDECOD-|-AEPTCD-|-AEHLT-|-AEHLTCD-|-AEHLGT-|-AEHLGTCD-|-AECAT-|-AESCAT-|N|-AEBODSYS-|-AEBDSYCD-|-AESOC-|-AESOCCD-|METACARPOPHALANGEAL JOINT 5|SEVERE|N|DOSE NOT CHANGED|-AEACNOTH-|-AEREL-|NA|-AEPATT-|RECOVERED/RESOLVED WITH SEQUELAE|U|Y|NA|N|N|U|N|Y|Y|-AETOXGR-|LONG-TERM FOLLOW-UP|-AESTDTC-|-AEENDTC-|-AESTDY-|-AEENDY-|-AEDUR-|AFTER|-AESTTPT-|DURING/AFTER|-AEENTPT-|Y|-ASTDTM-|-ASTDT-|M|S|-ASTDY-|-AENDTM-|-AENDT-|D|H|-AENDY-|-TRTEMFL-|-PREFL-|-FUPFL-|-AREL-|-ATOXGR-|-ADURN-|Ejaculate U|-LDOSEDTM-|-LDOSEDT-|-LDRELD-|-AOCCIFL-|-AOCCPIFL-|-AOCCSIFL-|-AOCXIFL-|-AOCXPIFL-|-AOCXSIFL-|-ANL01FL-
1234|df56b462-b9f3-428c-9e30-a76f94d1cbe0|ed437cf6-4fac-4a41-8678-ba12fedc81c2|Site_04|DE|Non-Hispanic|88|Years|88|Years|F|WHITE|N|N|PPROTFL|TRT01P|TRT01A|TRTSDTM|TRTSDT|TRTEDTM|TRTEDT|-DOMAIN-|25|Group_03|6d97f679-552e-4bcb-9b98-3b3ed083a169|-AETERM-|-AEMODIFY-|-AELLT-|-AELLTCD-|-AEDECOD-|-AEPTCD-|-AEHLT-|-AEHLTCD-|-AEHLGT-|-AEHLGTCD-|-AECAT-|-AESCAT-|Y|-AEBODSYS-|-AEBDSYCD-|-AESOC-|-AESOCCD-|PANCREAS, BODY|MODERATE|Y|DRUG WITHDRAWN|-AEACNOTH-|-AEREL-|NA|-AEPATT-|UNKNOWN|NA|NA|N|Y|Y|Y|NA|Y|Y|-AETOXGR-|FOLLOW-UP|-AESTDTC-|-AEENDTC-|-AESTDY-|-AEENDY-|-AEDUR-|BEFORE|-AESTTPT-|COINCIDENT|-AEENTPT-|NA|-ASTDTM-|-ASTDT-|Y|M|-ASTDY-|-AENDTM-|-AENDT-|Y|H|-AENDY-|-TRTEMFL-|-PREFL-|-FUPFL-|-AREL-|-ATOXGR-|-ADURN-|pL|-LDOSEDTM-|-LDOSEDT-|-LDRELD-|-AOCCIFL-|-AOCCPIFL-|-AOCCSIFL-|-AOCXIFL-|-AOCXPIFL-|-AOCXSIFL-|-ANL01FL-
1234|b060f1c1-d3bf-4241-af5e-59d60b011f20|a360f8bd-dc69-4780-92ca-bd5d9d526746|Site_01|UK|Non-Hispanic|69|Years|69|Years|M|WHITE|U|Y|PPROTFL|TRT01P|TRT01A|TRTSDTM|TRTSDT|TRTEDTM|TRTEDT|-DOMAIN-|26|Group_03|89f74293-5216-45bc-85b7-dec1db36310a|-AETERM-|-AEMODIFY-|-AELLT-|-AELLTCD-|-AEDECOD-|-AEPTCD-|-AEHLT-|-AEHLTCD-|-AEHLGT-|-AEHLGTCD-|-AECAT-|-AESCAT-|Y|-AEBODSYS-|-AEBDSYCD-|-AESOC-|-AESOCCD-|PROXIMAL INTERPHALANGEAL JOINT 4 OF THE FOOT|SEVERE|NA|NOT APPLICABLE|-AEACNOTH-|-AEREL-|U|-AEPATT-|RECOVERING/RESOLVING|U|N|U|NA|N|Y|U|Y|NA|-AETOXGR-|SCREENING|-AESTDTC-|-AEENDTC-|-AESTDY-|-AEENDY-|-AEDUR-|DURING|-AESTTPT-|COINCIDENT|-AEENTPT-|N|-ASTDTM-|-ASTDT-|M|S|-ASTDY-|-AENDTM-|-AENDT-|Y|H|-AENDY-|-TRTEMFL-|-PREFL-|-FUPFL-|-AREL-|-ATOXGR-|-ADURN-|mg/m2/day|-LDOSEDTM-|-LDOSEDT-|-LDRELD-|-AOCCIFL-|-AOCCPIFL-|-AOCCSIFL-|-AOCXIFL-|-AOCXPIFL-|-AOCXSIFL-|-ANL01FL-
1234|0785e2b8-9c17-4998-9cbf-f80818d120c7|b26d765e-9d99-4320-a745-bb01b4bf1908|Site_03|DE|Non-Hispanic|65|Years|65|Years|F|AMERICAN INDIAN OR ALASKA NATIVE|N|Y|PPROTFL|TRT01P|TRT01A|TRTSDTM|TRTSDT|TRTEDTM|TRTEDT|-DOMAIN-|27|Group_04|9d528cec-08ff-44f6-8252-65aff374e86e|-AETERM-|-AEMODIFY-|-AELLT-|-AELLTCD-|-AEDECOD-|-AEPTCD-|-AEHLT-|-AEHLTCD-|-AEHLGT-|-AEHLGTCD-|-AECAT-|-AESCAT-|N|-AEBODSYS-|-AEBDSYCD-|-AESOC-|-AESOCCD-|BODY OF STOMACH|SEVERE|U|DOSE NOT CHANGED|-AEACNOTH-|-AEREL-|Y|-AEPATT-|RECOVERED/RESOLVED|Y|Y|Y|Y|Y|NA|U|NA|U|-AETOXGR-|WASHOUT|-AESTDTC-|-AEENDTC-|-AESTDY-|-AEENDY-|-AEDUR-|DURING/AFTER|-AESTTPT-|ONGOING|-AEENTPT-|Y|-ASTDTM-|-ASTDT-|Y|M|-ASTDY-|-AENDTM-|-AENDT-|D|M|-AENDY-|-TRTEMFL-|-PREFL-|-FUPFL-|-AREL-|-ATOXGR-|-ADURN-|h*%|-LDOSEDTM-|-LDOSEDT-|-LDRELD-|-AOCCIFL-|-AOCCPIFL-|-AOCCSIFL-|-AOCXIFL-|-AOCXPIFL-|-AOCXSIFL-|-ANL01FL-
1234|cc476cee-35ba-43b7-9313-8c47c2113993|e5e8b45f-a50e-456c-b8e5-66d8b9c956fa|Site_03|ES|Hispanic|40|Years|40|Years|M|WHITE|U|N|PPROTFL|TRT01P|TRT01A|TRTSDTM|TRTSDT|TRTEDTM|TRTEDT|-DOMAIN-|28|Group_01|a817f309-9829-4fa2-96a4-cf9dd339b63b|-AETERM-|-AEMODIFY-|-AELLT-|-AELLTCD-|-AEDECOD-|-AEPTCD-|-AEHLT-|-AEHLTCD-|-AEHLGT-|-AEHLGTCD-|-AECAT-|-AESCAT-|NA|-AEBODSYS-|-AEBDSYCD-|-AESOC-|-AESOCCD-|SHOULDER JOINT|MILD|N|NOT APPLICABLE|-AEACNOTH-|-AEREL-|U|-AEPATT-|RECOVERING/RESOLVING|U|NA|U|Y|N|Y|NA|N|U|-AETOXGR-|LONG-TERM FOLLOW-UP|-AESTDTC-|-AEENDTC-|-AESTDY-|-AEENDY-|-AEDUR-|COINCIDENT|-AESTTPT-|ONGOING|-AEENTPT-|Y|-ASTDTM-|-ASTDT-|M|M|-ASTDY-|-AENDTM-|-AENDT-|Y|H|-AENDY-|-TRTEMFL-|-PREFL-|-FUPFL-|-AREL-|-ATOXGR-|-ADURN-|log10 TCID 50/uL|-LDOSEDTM-|-LDOSEDT-|-LDRELD-|-AOCCIFL-|-AOCCPIFL-|-AOCCSIFL-|-AOCXIFL-|-AOCXPIFL-|-AOCXSIFL-|-ANL01FL-
1234|27024950-2e18-4e2d-b85c-c2995365ad0b|a9f3450c-6b68-4ae9-b497-b2388f51fcc9|Site_04|ZA|Non-Hispanic|45|Years|45|Years|F|UNKNOWN|N|U|PPROTFL|TRT01P|TRT01A|TRTSDTM|TRTSDT|TRTEDTM|TRTEDT|-DOMAIN-|29|Group_03|d71bee51-509a-4ccc-97a8-1c81f62d7f20|-AETERM-|-AEMODIFY-|-AELLT-|-AELLTCD-|-AEDECOD-|-AEPTCD-|-AEHLT-|-AEHLTCD-|-AEHLGT-|-AEHLGTCD-|-AECAT-|-AESCAT-|NA|-AEBODSYS-|-AEBDSYCD-|-AESOC-|-AESOCCD-|FALLOPIAN TUBE|SEVERE|Y|DOSE INCREASED|-AEACNOTH-|-AEREL-|U|-AEPATT-|UNKNOWN|Y|U|U|U|NA|Y|NA|U|U|-AETOXGR-|TREATMENT|-AESTDTC-|-AEENDTC-|-AESTDY-|-AEENDY-|-AEDUR-|ONGOING|-AESTTPT-|DURING|-AEENTPT-|NA|-ASTDTM-|-ASTDT-|D|M|-ASTDY-|-AENDTM-|-AENDT-|Y|H|-AENDY-|-TRTEMFL-|-PREFL-|-FUPFL-|-AREL-|-ATOXGR-|-ADURN-|100 IU/mL|-LDOSEDTM-|-LDOSEDT-|-LDRELD-|-AOCCIFL-|-AOCCPIFL-|-AOCCSIFL-|-AOCXIFL-|-AOCXPIFL-|-AOCXSIFL-|-ANL01FL-
1234|d4e63f62-4592-4ef6-9eae-1c0a46c589be|262cf577-d910-4107-97e5-f911999ced63|Site_03|DE|Non-Hispanic|49|Years|49|Years|F|NATIVE HAWAIIAN OR OTHER PACIFIC ISLANDER|Y|NA|PPROTFL|TRT01P|TRT01A|TRTSDTM|TRTSDT|TRTEDTM|TRTEDT|-DOMAIN-|30|Group_03|a7b1b776-75eb-4b4a-8257-2946cc392406|-AETERM-|-AEMODIFY-|-AELLT-|-AELLTCD-|-AEDECOD-|-AEPTCD-|-AEHLT-|-AEHLTCD-|-AEHLGT-|-AEHLGTCD-|-AECAT-|-AESCAT-|Y|-AEBODSYS-|-AEBDSYCD-|-AESOC-|-AESOCCD-|TONGUE|MILD|N|DOSE INCREASED|-AEACNOTH-|-AEREL-|N|-AEPATT-|RECOVERING/RESOLVING|NA|NA|N|N|N|N|NA|N|Y|-AETOXGR-|BASELINE|-AESTDTC-|-AEENDTC-|-AESTDY-|-AEENDY-|-AEDUR-|AFTER|-AESTTPT-|COINCIDENT|-AEENTPT-|Y|-ASTDTM-|-ASTDT-|Y|M|-ASTDY-|-AENDTM-|-AENDT-|Y|S|-AENDY-|-TRTEMFL-|-PREFL-|-FUPFL-|-AREL-|-ATOXGR-|-ADURN-|10^6 organisms|-LDOSEDTM-|-LDOSEDT-|-LDRELD-|-AOCCIFL-|-AOCCPIFL-|-AOCCSIFL-|-AOCXIFL-|-AOCXPIFL-|-AOCXSIFL-|-ANL01FL-
1234|1559cc3d-8018-4549-b263-36ea90865d50|212d8706-9d15-4c17-bd23-358b1ab6f102|Site_03|ES|Non-Hispanic|61|Years|61|Years|F|WHITE|Y|NA|PPROTFL|TRT01P|TRT01A|TRTSDTM|TRTSDT|TRTEDTM|TRTEDT|-DOMAIN-|31|Group_03|4815ae11-a64e-49a2-9104-085bd543eaf8|-AETERM-|-AEMODIFY-|-AELLT-|-AELLTCD-|-AEDECOD-|-AEPTCD-|-AEHLT-|-AEHLTCD-|-AEHLGT-|-AEHLGTCD-|-AECAT-|-AESCAT-|U|-AEBODSYS-|-AEBDSYCD-|-AESOC-|-AESOCCD-|SUPERFICIAL LYMPH NODE|SEVERE|NA|NOT APPLICABLE|-AEACNOTH-|-AEREL-|N|-AEPATT-|FATAL|U|NA|NA|U|N|N|N|U|Y|-AETOXGR-|LONG-TERM FOLLOW-UP|-AESTDTC-|-AEENDTC-|-AESTDY-|-AEENDY-|-AEDUR-|ONGOING|-AESTTPT-|UNKNOWN|-AEENTPT-|N|-ASTDTM-|-ASTDT-|Y|H|-ASTDY-|-AENDTM-|-AENDT-|M|S|-AENDY-|-TRTEMFL-|-PREFL-|-FUPFL-|-AREL-|-ATOXGR-|-ADURN-|umol/L/h|-LDOSEDTM-|-LDOSEDT-|-LDRELD-|-AOCCIFL-|-AOCCPIFL-|-AOCCSIFL-|-AOCXIFL-|-AOCXPIFL-|-AOCXSIFL-|-ANL01FL-
1234|cf202002-4db3-4576-80d8-74e6410672c4|7e6a6749-fee5-4652-b4c3-e0e7410898b8|Site_04|VE|Non-Hispanic|19|Years|19|Years|F|WHITE|N|U|PPROTFL|TRT01P|TRT01A|TRTSDTM|TRTSDT|TRTEDTM|TRTEDT|-DOMAIN-|32|Group_01|c56d75d7-b26b-4b59-aacf-0018ed89d8ce|-AETERM-|-AEMODIFY-|-AELLT-|-AELLTCD-|-AEDECOD-|-AEPTCD-|-AEHLT-|-AEHLTCD-|-AEHLGT-|-AEHLGTCD-|-AECAT-|-AESCAT-|N|-AEBODSYS-|-AEBDSYCD-|-AESOC-|-AESOCCD-|CERVICAL VERTEBRA|SEVERE|Y|DRUG INTERRUPTED|-AEACNOTH-|-AEREL-|N|-AEPATT-|RECOVERED/RESOLVED WITH SEQUELAE|U|U|NA|NA|U|Y|N|N|Y|-AETOXGR-|RUN-IN|-AESTDTC-|-AEENDTC-|-AESTDY-|-AEENDY-|-AEDUR-|COINCIDENT|-AESTTPT-|DURING|-AEENTPT-|NA|-ASTDTM-|-ASTDT-|Y|S|-ASTDY-|-AENDTM-|-AENDT-|D|M|-AENDY-|-TRTEMFL-|-PREFL-|-FUPFL-|-AREL-|-ATOXGR-|-ADURN-|L/h|-LDOSEDTM-|-LDOSEDT-|-LDRELD-|-AOCCIFL-|-AOCCPIFL-|-AOCCSIFL-|-AOCXIFL-|-AOCXPIFL-|-AOCXSIFL-|-ANL01FL-
1234|003442a1-8461-4945-94fc-f87aec9c531d|f8e33894-881d-4784-bccc-6e1e30e3637a|Site_01|UK|Non-Hispanic|22|Years|22|Years|M|AMERICAN INDIAN OR ALASKA NATIVE|N|N|PPROTFL|TRT01P|TRT01A|TRTSDTM|TRTSDT|TRTEDTM|TRTEDT|-DOMAIN-|33|Group_03|42ac96a3-34a1-4e95-b236-c0cc742dffe5|-AETERM-|-AEMODIFY-|-AELLT-|-AELLTCD-|-AEDECOD-|-AEPTCD-|-AEHLT-|-AEHLTCD-|-AEHLGT-|-AEHLGTCD-|-AECAT-|-AESCAT-|N|-AEBODSYS-|-AEBDSYCD-|-AESOC-|-AESOCCD-|PARAPHARYNGEAL LYMPH NODE|SEVERE|NA|DOSE RATE REDUCED|-AEACNOTH-|-AEREL-|NA|-AEPATT-|RECOVERED/RESOLVED WITH SEQUELAE|U|Y|Y|NA|N|Y|Y|N|Y|-AETOXGR-|RUN-IN|-AESTDTC-|-AEENDTC-|-AESTDY-|-AEENDY-|-AEDUR-|COINCIDENT|-AESTTPT-|BEFORE|-AEENTPT-|U|-ASTDTM-|-ASTDT-|M|M|-ASTDY-|-AENDTM-|-AENDT-|M|M|-AENDY-|-TRTEMFL-|-PREFL-|-FUPFL-|-AREL-|-ATOXGR-|-ADURN-|EID 50/mL|-LDOSEDTM-|-LDOSEDT-|-LDRELD-|-AOCCIFL-|-AOCCPIFL-|-AOCCSIFL-|-AOCXIFL-|-AOCXPIFL-|-AOCXSIFL-|-ANL01FL-
1234|6e82a3db-968e-459a-abae-f016173e2612|1a0cffc1-d60f-4d2d-9556-3191fa568745|Site_03|DE|Non-Hispanic|25|Years|25|Years|M|BLACK OR AFRICAN AMERICAN|U|Y|PPROTFL|TRT01P|TRT01A|TRTSDTM|TRTSDT|TRTEDTM|TRTEDT|-DOMAIN-|34|Group_02|e5e55093-2433-47b1-92f8-f6a21a956b80|-AETERM-|-AEMODIFY-|-AELLT-|-AELLTCD-|-AEDECOD-|-AEPTCD-|-AEHLT-|-AEHLTCD-|-AEHLGT-|-AEHLGTCD-|-AECAT-|-AESCAT-|U|-AEBODSYS-|-AEBDSYCD-|-AESOC-|-AESOCCD-|VULVA|MILD|N|DOSE INCREASED|-AEACNOTH-|-AEREL-|N|-AEPATT-|RECOVERING/RESOLVING|N|U|N|U|NA|Y|N|N|N|-AETOXGR-|RUN-IN|-AESTDTC-|-AEENDTC-|-AESTDY-|-AEENDY-|-AEDUR-|DURING|-AESTTPT-|UNKNOWN|-AEENTPT-|Y|-ASTDTM-|-ASTDT-|Y|S|-ASTDY-|-AENDTM-|-AENDT-|Y|H|-AENDY-|-TRTEMFL-|-PREFL-|-FUPFL-|-AREL-|-ATOXGR-|-ADURN-|mEq/kg|-LDOSEDTM-|-LDOSEDT-|-LDRELD-|-AOCCIFL-|-AOCCPIFL-|-AOCCSIFL-|-AOCXIFL-|-AOCXPIFL-|-AOCXSIFL-|-ANL01FL-
1234|03a96574-3dca-46df-86ec-78f7be67492b|18abba0c-fdc3-477a-955b-73f7f526d997|Site_03|UK|Non-Hispanic|37|Years|37|Years|M|BLACK OR AFRICAN AMERICAN|Y|NA|PPROTFL|TRT01P|TRT01A|TRTSDTM|TRTSDT|TRTEDTM|TRTEDT|-DOMAIN-|35|Group_01|68aadc9e-da79-4d2f-a626-5bad1df517eb|-AETERM-|-AEMODIFY-|-AELLT-|-AELLTCD-|-AEDECOD-|-AEPTCD-|-AEHLT-|-AEHLTCD-|-AEHLGT-|-AEHLGTCD-|-AECAT-|-AESCAT-|U|-AEBODSYS-|-AEBDSYCD-|-AESOC-|-AESOCCD-|TRICUSPID VALVE, ANTERIOR CUSP|SEVERE|NA|NOT APPLICABLE|-AEACNOTH-|-AEREL-|N|-AEPATT-|FATAL|NA|N|NA|N|Y|N|NA|Y|N|-AETOXGR-|SCREENING|-AESTDTC-|-AEENDTC-|-AESTDY-|-AEENDY-|-AEDUR-|DURING/AFTER|-AESTTPT-|DURING|-AEENTPT-|Y|-ASTDTM-|-ASTDT-|M|H|-ASTDY-|-AENDTM-|-AENDT-|D|H|-AENDY-|-TRTEMFL-|-PREFL-|-FUPFL-|-AREL-|-ATOXGR-|-ADURN-|K|-LDOSEDTM-|-LDOSEDT-|-LDRELD-|-AOCCIFL-|-AOCCPIFL-|-AOCCSIFL-|-AOCXIFL-|-AOCXPIFL-|-AOCXSIFL-|-ANL01FL-
1234|9dc68d46-56d3-4676-a3fc-cdf257562a39|932b0a40-c5b1-4fc5-b0ab-9f753c7a61fb|Site_04|VE|Non-Hispanic|71|Years|71|Years|M|BLACK OR AFRICAN AMERICAN|U|N|PPROTFL|TRT01P|TRT01A|TRTSDTM|TRTSDT|TRTEDTM|TRTEDT|-DOMAIN-|36|Group_02|f0d6372f-adb0-4e6c-9785-2c07c1a7d5ee|-AETERM-|-AEMODIFY-|-AELLT-|-AELLTCD-|-AEDECOD-|-AEPTCD-|-AEHLT-|-AEHLTCD-|-AEHLGT-|-AEHLGTCD-|-AECAT-|-AESCAT-|U|-AEBODSYS-|-AEBDSYCD-|-AESOC-|-AESOCCD-|ARM SKIN|MILD|U|DOSE INCREASED|-AEACNOTH-|-AEREL-|N|-AEPATT-|RECOVERING/RESOLVING|Y|U|Y|U|N|U|Y|NA|U|-AETOXGR-|RUN-IN|-AESTDTC-|-AEENDTC-|-AESTDY-|-AEENDY-|-AEDUR-|ONGOING|-AESTTPT-|DURING|-AEENTPT-|U|-ASTDTM-|-ASTDT-|Y|H|-ASTDY-|-AENDTM-|-AENDT-|M|S|-AENDY-|-TRTEMFL-|-PREFL-|-FUPFL-|-AREL-|-ATOXGR-|-ADURN-|FIU|-LDOSEDTM-|-LDOSEDT-|-LDRELD-|-AOCCIFL-|-AOCCPIFL-|-AOCCSIFL-|-AOCXIFL-|-AOCXPIFL-|-AOCXSIFL-|-ANL01FL-
1234|9d639ff4-3ad3-4b3a-8269-2727e2aa7838|d1ac5bdc-2f8e-4d24-8388-96dc4a8c36d3|Site_03|DE|Non-Hispanic|86|Years|86|Years|M|WHITE|NA|NA|PPROTFL|TRT01P|TRT01A|TRTSDTM|TRTSDT|TRTEDTM|TRTEDT|-DOMAIN-|37|Group_03|8c685acc-9111-4fa8-8d0b-20b6b23a8f44|-AETERM-|-AEMODIFY-|-AELLT-|-AELLTCD-|-AEDECOD-|-AEPTCD-|-AEHLT-|-AEHLTCD-|-AEHLGT-|-AEHLGTCD-|-AECAT-|-AESCAT-|Y|-AEBODSYS-|-AEBDSYCD-|-AESOC-|-AESOCCD-|GLUTEUS MAXIMUS|MODERATE|N|NOT APPLICABLE|-AEACNOTH-|-AEREL-|NA|-AEPATT-|RECOVERED/RESOLVED|U|U|N|Y|N|U|N|Y|NA|-AETOXGR-|WASHOUT|-AESTDTC-|-AEENDTC-|-AESTDY-|-AEENDY-|-AEDUR-|BEFORE|-AESTTPT-|UNKNOWN|-AEENTPT-|N|-ASTDTM-|-ASTDT-|M|H|-ASTDY-|-AENDTM-|-AENDT-|D|M|-AENDY-|-TRTEMFL-|-PREFL-|-FUPFL-|-AREL-|-ATOXGR-|-ADURN-|mV|-LDOSEDTM-|-LDOSEDT-|-LDRELD-|-AOCCIFL-|-AOCCPIFL-|-AOCCSIFL-|-AOCXIFL-|-AOCXPIFL-|-AOCXSIFL-|-ANL01FL-
1234|af828efd-1598-4be6-af6d-f06d1724567e|11c04f41-6b09-4431-aa2b-6c1f838fed7a|Site_04|ZA|Non-Hispanic|28|Years|28|Years|F|WHITE|Y|U|PPROTFL|TRT01P|TRT01A|TRTSDTM|TRTSDT|TRTEDTM|TRTEDT|-DOMAIN-|38|Group_01|fb50b1ec-2a4d-40c5-8d7c-be888704e3e8|-AETERM-|-AEMODIFY-|-AELLT-|-AELLTCD-|-AEDECOD-|-AEPTCD-|-AEHLT-|-AEHLTCD-|-AEHLGT-|-AEHLGTCD-|-AECAT-|-AESCAT-|U|-AEBODSYS-|-AEBDSYCD-|-AESOC-|-AESOCCD-|ENDOCARDIUM|MILD|U|DRUG INTERRUPTED|-AEACNOTH-|-AEREL-|Y|-AEPATT-|UNKNOWN|Y|U|U|NA|Y|N|N|Y|NA|-AETOXGR-|BASELINE|-AESTDTC-|-AEENDTC-|-AESTDY-|-AEENDY-|-AEDUR-|DURING/AFTER|-AESTTPT-|ONGOING|-AEENTPT-|U|-ASTDTM-|-ASTDT-|Y|S|-ASTDY-|-AENDTM-|-AENDT-|Y|M|-AENDY-|-TRTEMFL-|-PREFL-|-FUPFL-|-AREL-|-ATOXGR-|-ADURN-|g/cage/wk|-LDOSEDTM-|-LDOSEDT-|-LDRELD-|-AOCCIFL-|-AOCCPIFL-|-AOCCSIFL-|-AOCXIFL-|-AOCXPIFL-|-AOCXSIFL-|-ANL01FL-
1234|08688fa4-07c1-4987-9792-3856747f1cc7|36846498-22c1-4da4-a0fe-6b5b0719e7a7|Site_01|DE|Non-Hispanic|23|Years|23|Years|F|WHITE|Y|U|PPROTFL|TRT01P|TRT01A|TRTSDTM|TRTSDT|TRTEDTM|TRTEDT|-DOMAIN-|39|Group_02|f3fc13d5-37a3-4c92-adc5-6015cdce870f|-AETERM-|-AEMODIFY-|-AELLT-|-AELLTCD-|-AEDECOD-|-AEPTCD-|-AEHLT-|-AEHLTCD-|-AEHLGT-|-AEHLGTCD-|-AECAT-|-AESCAT-|U|-AEBODSYS-|-AEBDSYCD-|-AESOC-|-AESOCCD-|HAMSTRING MUSCLE|SEVERE|Y|DOSE INCREASED|-AEACNOTH-|-AEREL-|Y|-AEPATT-|FATAL|N|Y|U|Y|N|Y|N|NA|U|-AETOXGR-|LONG-TERM FOLLOW-UP|-AESTDTC-|-AEENDTC-|-AESTDY-|-AEENDY-|-AEDUR-|COINCIDENT|-AESTTPT-|BEFORE|-AEENTPT-|Y|-ASTDTM-|-ASTDT-|D|H|-ASTDY-|-AENDTM-|-AENDT-|D|S|-AENDY-|-TRTEMFL-|-PREFL-|-FUPFL-|-AREL-|-ATOXGR-|-ADURN-|PACKET|-LDOSEDTM-|-LDOSEDT-|-LDRELD-|-AOCCIFL-|-AOCCPIFL-|-AOCCSIFL-|-AOCXIFL-|-AOCXPIFL-|-AOCXSIFL-|-ANL01FL-
1234|5ba3b810-e00f-4b50-9b6e-9ef43d16c3a5|fb5e428b-03cc-4f1b-9859-2fb643adaf59|Site_03|DE|Non-Hispanic|41|Years|41|Years|M|ASIAN|Y|Y|PPROTFL|TRT01P|TRT01A|TRTSDTM|TRTSDT|TRTEDTM|TRTEDT|-DOMAIN-|40|Group_03|6d0488d1-aacf-4817-90e5-9e22d60c46da|-AETERM-|-AEMODIFY-|-AELLT-|-AELLTCD-|-AEDECOD-|-AEPTCD-|-AEHLT-|-AEHLTCD-|-AEHLGT-|-AEHLGTCD-|-AECAT-|-AESCAT-|N|-AEBODSYS-|-AEBDSYCD-|-AESOC-|-AESOCCD-|PROXIMAL INTERPHALANGEAL JOINT 5 OF THE FOOT|MODERATE|U|DRUG INTERRUPTED|-AEACNOTH-|-AEREL-|NA|-AEPATT-|FATAL|N|N|N|NA|U|U|Y|N|Y|-AETOXGR-|LONG-TERM FOLLOW-UP|-AESTDTC-|-AEENDTC-|-AESTDY-|-AEENDY-|-AEDUR-|DURING/AFTER|-AESTTPT-|DURING|-AEENTPT-|N|-ASTDTM-|-ASTDT-|Y|H|-ASTDY-|-AENDTM-|-AENDT-|D|S|-AENDY-|-TRTEMFL-|-PREFL-|-FUPFL-|-AREL-|-ATOXGR-|-ADURN-|EVENTS|-LDOSEDTM-|-LDOSEDT-|-LDRELD-|-AOCCIFL-|-AOCCPIFL-|-AOCCSIFL-|-AOCXIFL-|-AOCXPIFL-|-AOCXSIFL-|-ANL01FL-
1234|8f96a5d0-3e86-40c1-b33d-f7b548507583|758b93f7-cc9b-4f31-b09d-e47727ec24ce|Site_02|ZA|Non-Hispanic|61|Years|61|Years|F|WHITE|Y|U|PPROTFL|TRT01P|TRT01A|TRTSDTM|TRTSDT|TRTEDTM|TRTEDT|-DOMAIN-|41|Group_03|f0ba62f5-28d1-42d1-8857-18f612ef84c8|-AETERM-|-AEMODIFY-|-AELLT-|-AELLTCD-|-AEDECOD-|-AEPTCD-|-AEHLT-|-AEHLTCD-|-AEHLGT-|-AEHLGTCD-|-AECAT-|-AESCAT-|U|-AEBODSYS-|-AEBDSYCD-|-AESOC-|-AESOCCD-|PROXIMAL INTERPHALANGEAL JOINT 2 OF THE HAND|SEVERE|N|UNKNOWN|-AEACNOTH-|-AEREL-|U|-AEPATT-|NOT RECOVERED/NOT RESOLVED|NA|N|N|Y|N|Y|NA|N|N|-AETOXGR-|INDUCTION TREATMENT|-AESTDTC-|-AEENDTC-|-AESTDY-|-AEENDY-|-AEDUR-|BEFORE|-AESTTPT-|DURING|-AEENTPT-|N|-ASTDTM-|-ASTDT-|M|M|-ASTDY-|-AENDTM-|-AENDT-|M|M|-AENDY-|-TRTEMFL-|-PREFL-|-FUPFL-|-AREL-|-ATOXGR-|-ADURN-|Henry|-LDOSEDTM-|-LDOSEDT-|-LDRELD-|-AOCCIFL-|-AOCCPIFL-|-AOCCSIFL-|-AOCXIFL-|-AOCXPIFL-|-AOCXSIFL-|-ANL01FL-
1234|84175cc2-4b61-450f-99d2-8cb039360254|d0fd5e9d-fd76-470f-b398-99254c90f9ed|Site_03|ES|Non-Hispanic|65|Years|65|Years|F|NATIVE HAWAIIAN OR OTHER PACIFIC ISLANDER|NA|U|PPROTFL|TRT01P|TRT01A|TRTSDTM|TRTSDT|TRTEDTM|TRTEDT|-DOMAIN-|42|Group_01|c6fb487e-2b2e-4332-ae94-3b341003be15|-AETERM-|-AEMODIFY-|-AELLT-|-AELLTCD-|-AEDECOD-|-AEPTCD-|-AEHLT-|-AEHLTCD-|-AEHLGT-|-AEHLGTCD-|-AECAT-|-AESCAT-|U|-AEBODSYS-|-AEBDSYCD-|-AESOC-|-AESOCCD-|CORONARY ARTERY, LEFT|MILD|U|DRUG WITHDRAWN|-AEACNOTH-|-AEREL-|NA|-AEPATT-|UNKNOWN|N|NA|Y|U|NA|U|NA|U|N|-AETOXGR-|CONTINUATION TREATMENT|-AESTDTC-|-AEENDTC-|-AESTDY-|-AEENDY-|-AEDUR-|BEFORE|-AESTTPT-|COINCIDENT|-AEENTPT-|NA|-ASTDTM-|-ASTDT-|M|H|-ASTDY-|-AENDTM-|-AENDT-|Y|S|-AENDY-|-TRTEMFL-|-PREFL-|-FUPFL-|-AREL-|-ATOXGR-|-ADURN-|deg|-LDOSEDTM-|-LDOSEDT-|-LDRELD-|-AOCCIFL-|-AOCCPIFL-|-AOCCSIFL-|-AOCXIFL-|-AOCXPIFL-|-AOCXSIFL-|-ANL01FL-
1234|fb9b83ec-dcbf-478f-9c4d-c3125219b100|b59ee10e-1688-4c2e-897f-52f71719dc43|Site_03|ZA|Non-Hispanic|42|Years|42|Years|F|NATIVE HAWAIIAN OR OTHER PACIFIC ISLANDER|N|N|PPROTFL|TRT01P|TRT01A|TRTSDTM|TRTSDT|TRTEDTM|TRTEDT|-DOMAIN-|43|Group_04|a718b9e8-1726-40df-915a-1c4a83aec951|-AETERM-|-AEMODIFY-|-AELLT-|-AELLTCD-|-AEDECOD-|-AEPTCD-|-AEHLT-|-AEHLTCD-|-AEHLGT-|-AEHLGTCD-|-AECAT-|-AESCAT-|U|-AEBODSYS-|-AEBDSYCD-|-AESOC-|-AESOCCD-|C1 VERTEBRA|MODERATE|NA|DRUG WITHDRAWN|-AEACNOTH-|-AEREL-|N|-AEPATT-|RECOVERED/RESOLVED WITH SEQUELAE|N|NA|NA|Y|Y|U|N|NA|Y|-AETOXGR-|LONG-TERM FOLLOW-UP|-AESTDTC-|-AEENDTC-|-AESTDY-|-AEENDY-|-AEDUR-|AFTER|-AESTTPT-|DURING/AFTER|-AEENTPT-|Y|-ASTDTM-|-ASTDT-|M|S|-ASTDY-|-AENDTM-|-AENDT-|D|H|-AENDY-|-TRTEMFL-|-PREFL-|-FUPFL-|-AREL-|-ATOXGR-|-ADURN-|EVENTS|-LDOSEDTM-|-LDOSEDT-|-LDRELD-|-AOCCIFL-|-AOCCPIFL-|-AOCCSIFL-|-AOCXIFL-|-AOCXPIFL-|-AOCXSIFL-|-ANL01FL-
1234|8f451f33-8c91-4a31-ba0f-2603b1e904c7|49459d82-1883-4a5c-be4a-19938645da0a|Site_04|VE|Non-Hispanic|53|Years|53|Years|M|WHITE|U|N|PPROTFL|TRT01P|TRT01A|TRTSDTM|TRTSDT|TRTEDTM|TRTEDT|-DOMAIN-|44|Group_02|9581afc3-fdda-4e3a-b478-3a7c050943c2|-AETERM-|-AEMODIFY-|-AELLT-|-AELLTCD-|-AEDECOD-|-AEPTCD-|-AEHLT-|-AEHLTCD-|-AEHLGT-|-AEHLGTCD-|-AECAT-|-AESCAT-|N|-AEBODSYS-|-AEBDSYCD-|-AESOC-|-AESOCCD-|SUPERIOR VENA CAVA|SEVERE|U|DRUG WITHDRAWN|-AEACNOTH-|-AEREL-|NA|-AEPATT-|RECOVERED/RESOLVED|NA|U|Y|NA|N|U|Y|N|Y|-AETOXGR-|OBSERVATION|-AESTDTC-|-AEENDTC-|-AESTDY-|-AEENDY-|-AEDUR-|DURING/AFTER|-AESTTPT-|AFTER|-AEENTPT-|U|-ASTDTM-|-ASTDT-|M|M|-ASTDY-|-AENDTM-|-AENDT-|D|S|-AENDY-|-TRTEMFL-|-PREFL-|-FUPFL-|-AREL-|-ATOXGR-|-ADURN-|amu|-LDOSEDTM-|-LDOSEDT-|-LDRELD-|-AOCCIFL-|-AOCCPIFL-|-AOCCSIFL-|-AOCXIFL-|-AOCXPIFL-|-AOCXSIFL-|-ANL01FL-
1234|9962b635-cd8e-4057-8dbb-07ffa94d93d2|c6799105-7802-484b-82fd-8bd482b45013|Site_01|DE|Non-Hispanic|20|Years|20|Years|F|AMERICAN INDIAN OR ALASKA NATIVE|U|NA|PPROTFL|TRT01P|TRT01A|TRTSDTM|TRTSDT|TRTEDTM|TRTEDT|-DOMAIN-|45|Group_02|2dc12490-2120-43ca-bd19-2104bf8b39ab|-AETERM-|-AEMODIFY-|-AELLT-|-AELLTCD-|-AEDECOD-|-AEPTCD-|-AEHLT-|-AEHLTCD-|-AEHLGT-|-AEHLGTCD-|-AECAT-|-AESCAT-|U|-AEBODSYS-|-AEBDSYCD-|-AESOC-|-AESOCCD-|TEMPORAL LOBE|MODERATE|U|DOSE REDUCED|-AEACNOTH-|-AEREL-|N|-AEPATT-|FATAL|NA|N|N|U|Y|NA|Y|U|Y|-AETOXGR-|RUN-IN|-AESTDTC-|-AEENDTC-|-AESTDY-|-AEENDY-|-AEDUR-|ONGOING|-AESTTPT-|AFTER|-AEENTPT-|U|-ASTDTM-|-ASTDT-|M|H|-ASTDY-|-AENDTM-|-AENDT-|D|H|-AENDY-|-TRTEMFL-|-PREFL-|-FUPFL-|-AREL-|-ATOXGR-|-ADURN-|dyn|-LDOSEDTM-|-LDOSEDT-|-LDRELD-|-AOCCIFL-|-AOCCPIFL-|-AOCCSIFL-|-AOCXIFL-|-AOCXPIFL-|-AOCXSIFL-|-ANL01FL-
1234|7dfea58a-efcf-4358-9c29-2e34618dd568|5aa2eec3-afb4-49c2-aec5-fe1fd0353b00|Site_03|DE|Non-Hispanic|58|Years|58|Years|M|WHITE|N|Y|PPROTFL|TRT01P|TRT01A|TRTSDTM|TRTSDT|TRTEDTM|TRTEDT|-DOMAIN-|46|Group_02|8961417f-78f7-4d75-8caf-c2c9b32e7ea5|-AETERM-|-AEMODIFY-|-AELLT-|-AELLTCD-|-AEDECOD-|-AEPTCD-|-AEHLT-|-AEHLTCD-|-AEHLGT-|-AEHLGTCD-|-AECAT-|-AESCAT-|N|-AEBODSYS-|-AEBDSYCD-|-AESOC-|-AESOCCD-|MENINGES|MILD|Y|DRUG INTERRUPTED|-AEACNOTH-|-AEREL-|N|-AEPATT-|NOT RECOVERED/NOT RESOLVED|U|U|NA|U|NA|Y|Y|Y|U|-AETOXGR-|INDUCTION TREATMENT|-AESTDTC-|-AEENDTC-|-AESTDY-|-AEENDY-|-AEDUR-|BEFORE|-AESTTPT-|DURING/AFTER|-AEENTPT-|Y|-ASTDTM-|-ASTDT-|Y|S|-ASTDY-|-AENDTM-|-AENDT-|D|S|-AENDY-|-TRTEMFL-|-PREFL-|-FUPFL-|-AREL-|-ATOXGR-|-ADURN-|BU/mL|-LDOSEDTM-|-LDOSEDT-|-LDRELD-|-AOCCIFL-|-AOCCPIFL-|-AOCCSIFL-|-AOCXIFL-|-AOCXPIFL-|-AOCXSIFL-|-ANL01FL-
1234|ec74fd53-72a0-43b6-8bec-e5e4346cf2c9|810baf50-8f59-4f1d-b192-e7276a1ed76c|Site_03|VE|Non-Hispanic|78|Years|78|Years|M|WHITE|NA|NA|PPROTFL|TRT01P|TRT01A|TRTSDTM|TRTSDT|TRTEDTM|TRTEDT|-DOMAIN-|47|Group_03|c46fa5d1-f67c-4f4c-8270-060369a09780|-AETERM-|-AEMODIFY-|-AELLT-|-AELLTCD-|-AEDECOD-|-AEPTCD-|-AEHLT-|-AEHLTCD-|-AEHLGT-|-AEHLGTCD-|-AECAT-|-AESCAT-|U|-AEBODSYS-|-AEBDSYCD-|-AESOC-|-AESOCCD-|TUNICA INTIMA|MILD|U|DOSE RATE REDUCED|-AEACNOTH-|-AEREL-|Y|-AEPATT-|UNKNOWN|NA|NA|U|N|U|U|U|N|U|-AETOXGR-|SCREENING|-AESTDTC-|-AEENDTC-|-AESTDY-|-AEENDY-|-AEDUR-|BEFORE|-AESTTPT-|BEFORE|-AEENTPT-|N|-ASTDTM-|-ASTDT-|D|H|-ASTDY-|-AENDTM-|-AENDT-|Y|M|-AENDY-|-TRTEMFL-|-PREFL-|-FUPFL-|-AREL-|-ATOXGR-|-ADURN-|nm|-LDOSEDTM-|-LDOSEDT-|-LDRELD-|-AOCCIFL-|-AOCCPIFL-|-AOCCSIFL-|-AOCXIFL-|-AOCXPIFL-|-AOCXSIFL-|-ANL01FL-
1234|6b0f0e6f-6be4-4826-a456-9315a1adc00b|f317bf7b-d9d0-4163-adec-6780c91c1484|Site_02|DE|Hispanic|49|Years|49|Years|F|ASIAN|Y|U|PPROTFL|TRT01P|TRT01A|TRTSDTM|TRTSDT|TRTEDTM|TRTEDT|-DOMAIN-|48|Group_03|8a9e553a-5be0-4a59-a5be-4c9b9356a439|-AETERM-|-AEMODIFY-|-AELLT-|-AELLTCD-|-AEDECOD-|-AEPTCD-|-AEHLT-|-AEHLTCD-|-AEHLGT-|-AEHLGTCD-|-AECAT-|-AESCAT-|N|-AEBODSYS-|-AEBDSYCD-|-AESOC-|-AESOCCD-|PALATE|SEVERE|U|DOSE NOT CHANGED|-AEACNOTH-|-AEREL-|NA|-AEPATT-|RECOVERED/RESOLVED|N|NA|NA|Y|Y|Y|NA|N|NA|-AETOXGR-|FOLLOW-UP|-AESTDTC-|-AEENDTC-|-AESTDY-|-AEENDY-|-AEDUR-|DURING|-AESTTPT-|DURING/AFTER|-AEENTPT-|N|-ASTDTM-|-ASTDT-|M|H|-ASTDY-|-AENDTM-|-AENDT-|Y|M|-AENDY-|-TRTEMFL-|-PREFL-|-FUPFL-|-AREL-|-ATOXGR-|-ADURN-|BOX|-LDOSEDTM-|-LDOSEDT-|-LDRELD-|-AOCCIFL-|-AOCCPIFL-|-AOCCSIFL-|-AOCXIFL-|-AOCXPIFL-|-AOCXSIFL-|-ANL01FL-
1234|1ce5f85f-7727-4bf0-845a-4492c2816bf8|f5acac7b-a822-4083-bc5c-a78b1e745ad7|Site_03|DE|Non-Hispanic|59|Years|59|Years|M|BLACK OR AFRICAN AMERICAN|U|U|PPROTFL|TRT01P|TRT01A|TRTSDTM|TRTSDT|TRTEDTM|TRTEDT|-DOMAIN-|49|Group_04|4eb6f4d7-57e8-4e98-af8e-d2d8fa5fea6c|-AETERM-|-AEMODIFY-|-AELLT-|-AELLTCD-|-AEDECOD-|-AEPTCD-|-AEHLT-|-AEHLTCD-|-AEHLGT-|-AEHLGTCD-|-AECAT-|-AESCAT-|N|-AEBODSYS-|-AEBDSYCD-|-AESOC-|-AESOCCD-|SUBCUTIS|MILD|NA|DOSE REDUCED|-AEACNOTH-|-AEREL-|Y|-AEPATT-|RECOVERED/RESOLVED WITH SEQUELAE|U|NA|Y|NA|NA|N|NA|U|Y|-AETOXGR-|LONG-TERM FOLLOW-UP|-AESTDTC-|-AEENDTC-|-AESTDY-|-AEENDY-|-AEDUR-|COINCIDENT|-AESTTPT-|AFTER|-AEENTPT-|Y|-ASTDTM-|-ASTDT-|Y|S|-ASTDY-|-AENDTM-|-AENDT-|M|H|-AENDY-|-TRTEMFL-|-PREFL-|-FUPFL-|-AREL-|-ATOXGR-|-ADURN-|pt_us|-LDOSEDTM-|-LDOSEDT-|-LDRELD-|-AOCCIFL-|-AOCCPIFL-|-AOCCSIFL-|-AOCXIFL-|-AOCXPIFL-|-AOCXSIFL-|-ANL01FL-
1234|c57a5041-0524-45ef-9af9-2d37e3aa5ca6|797b2847-c68d-4292-9318-9081c4541070|Site_02|ZA|Non-Hispanic|35|Years|35|Years|M|BLACK OR AFRICAN AMERICAN|N|N|PPROTFL|TRT01P|TRT01A|TRTSDTM|TRTSDT|TRTEDTM|TRTEDT|-DOMAIN-|50|Group_01|bec3cbe9-ebbb-4028-9b04-a8c37eedb944|-AETERM-|-AEMODIFY-|-AELLT-|-AELLTCD-|-AEDECOD-|-AEPTCD-|-AEHLT-|-AEHLTCD-|-AEHLGT-|-AEHLGTCD-|-AECAT-|-AESCAT-|Y|-AEBODSYS-|-AEBDSYCD-|-AESOC-|-AESOCCD-|DISTAL PHALANX 5 OF THE HAND|SEVERE|Y|DOSE RATE REDUCED|-AEACNOTH-|-AEREL-|NA|-AEPATT-|NOT RECOVERED/NOT RESOLVED|U|U|NA|Y|NA|Y|NA|Y|NA|-AETOXGR-|OBSERVATION|-AESTDTC-|-AEENDTC-|-AESTDY-|-AEENDY-|-AEDUR-|COINCIDENT|-AESTTPT-|BEFORE|-AEENTPT-|Y|-ASTDTM-|-ASTDT-|D|S|-ASTDY-|-AENDTM-|-AENDT-|Y|H|-AENDY-|-TRTEMFL-|-PREFL-|-FUPFL-|-AREL-|-ATOXGR-|-ADURN-|BOLUS|-LDOSEDTM-|-LDOSEDT-|-LDRELD-|-AOCCIFL-|-AOCCPIFL-|-AOCCSIFL-|-AOCXIFL-|-AOCXPIFL-|-AOCXSIFL-|-ANL01FL-
1234|2fa32319-42e9-4a7e-86cc-c0707f152d1b|62a07d3b-0d46-4bf0-b8ad-fb93553d5c8d|Site_03|UK|Non-Hispanic|69|Years|69|Years|M|WHITE|U|N|PPROTFL|TRT01P|TRT01A|TRTSDTM|TRTSDT|TRTEDTM|TRTEDT|-DOMAIN-|51|Group_03|141669f6-9d7b-4fc1-bfc5-555d920c19dc|-AETERM-|-AEMODIFY-|-AELLT-|-AELLTCD-|-AEDECOD-|-AEPTCD-|-AEHLT-|-AEHLTCD-|-AEHLGT-|-AEHLGTCD-|-AECAT-|-AESCAT-|NA|-AEBODSYS-|-AEBDSYCD-|-AESOC-|-AESOCCD-|SCAPHOID-LUNATE JOINT|MILD|N|DRUG WITHDRAWN|-AEACNOTH-|-AEREL-|N|-AEPATT-|NOT RECOVERED/NOT RESOLVED|NA|U|U|N|N|NA|NA|Y|N|-AETOXGR-|BASELINE|-AESTDTC-|-AEENDTC-|-AESTDY-|-AEENDY-|-AEDUR-|DURING/AFTER|-AESTTPT-|DURING/AFTER|-AEENTPT-|Y|-ASTDTM-|-ASTDT-|Y|M|-ASTDY-|-AENDTM-|-AENDT-|Y|S|-AENDY-|-TRTEMFL-|-PREFL-|-FUPFL-|-AREL-|-ATOXGR-|-ADURN-|Siemens|-LDOSEDTM-|-LDOSEDT-|-LDRELD-|-AOCCIFL-|-AOCCPIFL-|-AOCCSIFL-|-AOCXIFL-|-AOCXPIFL-|-AOCXSIFL-|-ANL01FL-
1234|83d16d9f-dbdf-4736-b4f6-4de18fec113e|c2bcdd83-ff67-4505-a65e-aa5d19db4f44|Site_04|DE|Non-Hispanic|23|Years|23|Years|F|BLACK OR AFRICAN AMERICAN|N|U|PPROTFL|TRT01P|TRT01A|TRTSDTM|TRTSDT|TRTEDTM|TRTEDT|-DOMAIN-|52|Group_02|c38c2a39-bea7-42b1-beab-06eea4e62dea|-AETERM-|-AEMODIFY-|-AELLT-|-AELLTCD-|-AEDECOD-|-AEPTCD-|-AEHLT-|-AEHLTCD-|-AEHLGT-|-AEHLGTCD-|-AECAT-|-AESCAT-|U|-AEBODSYS-|-AEBDSYCD-|-AESOC-|-AESOCCD-|THROAT|MILD|U|DOSE RATE REDUCED|-AEACNOTH-|-AEREL-|Y|-AEPATT-|RECOVERED/RESOLVED|Y|NA|Y|U|N|U|U|U|N|-AETOXGR-|FOLLOW-UP|-AESTDTC-|-AEENDTC-|-AESTDY-|-AEENDY-|-AEDUR-|DURING|-AESTTPT-|ONGOING|-AEENTPT-|N|-ASTDTM-|-ASTDT-|Y|H|-ASTDY-|-AENDTM-|-AENDT-|D|M|-AENDY-|-TRTEMFL-|-PREFL-|-FUPFL-|-AREL-|-ATOXGR-|-ADURN-|psi|-LDOSEDTM-|-LDOSEDT-|-LDRELD-|-AOCCIFL-|-AOCCPIFL-|-AOCCSIFL-|-AOCXIFL-|-AOCXPIFL-|-AOCXSIFL-|-ANL01FL-
1234|192532b7-6f43-4474-8541-3059ada3fe5f|e8988c32-10e0-40ff-a1bf-71cfb3bea88a|Site_01|DE|Non-Hispanic|76|Years|76|Years|M|BLACK OR AFRICAN AMERICAN|Y|N|PPROTFL|TRT01P|TRT01A|TRTSDTM|TRTSDT|TRTEDTM|TRTEDT|-DOMAIN-|53|Group_03|f571ce7b-6373-4919-8c9f-b0f326016a4f|-AETERM-|-AEMODIFY-|-AELLT-|-AELLTCD-|-AEDECOD-|-AEPTCD-|-AEHLT-|-AEHLTCD-|-AEHLGT-|-AEHLGTCD-|-AECAT-|-AESCAT-|N|-AEBODSYS-|-AEBDSYCD-|-AESOC-|-AESOCCD-|SKIN OF THE HAND|SEVERE|N|DRUG WITHDRAWN|-AEACNOTH-|-AEREL-|N|-AEPATT-|RECOVERED/RESOLVED WITH SEQUELAE|U|Y|U|Y|N|N|Y|NA|U|-AETOXGR-|TREATMENT|-AESTDTC-|-AEENDTC-|-AESTDY-|-AEENDY-|-AEDUR-|ONGOING|-AESTTPT-|UNKNOWN|-AEENTPT-|N|-ASTDTM-|-ASTDT-|M|H|-ASTDY-|-AENDTM-|-AENDT-|Y|H|-AENDY-|-TRTEMFL-|-PREFL-|-FUPFL-|-AREL-|-ATOXGR-|-ADURN-|ug/m2/day|-LDOSEDTM-|-LDOSEDT-|-LDRELD-|-AOCCIFL-|-AOCCPIFL-|-AOCCSIFL-|-AOCXIFL-|-AOCXPIFL-|-AOCXSIFL-|-ANL01FL-
1234|707dc67f-4a2f-47c0-8d92-5c0111c9c886|196de9ce-a26f-4401-96b8-0e2e5848a15f|Site_03|UK|Non-Hispanic|46|Years|46|Years|F|BLACK OR AFRICAN AMERICAN|Y|N|PPROTFL|TRT01P|TRT01A|TRTSDTM|TRTSDT|TRTEDTM|TRTEDT|-DOMAIN-|54|Group_03|b0a66971-0127-4df5-8c5b-1e7f6a14cef2|-AETERM-|-AEMODIFY-|-AELLT-|-AELLTCD-|-AEDECOD-|-AEPTCD-|-AEHLT-|-AEHLTCD-|-AEHLGT-|-AEHLGTCD-|-AECAT-|-AESCAT-|U|-AEBODSYS-|-AEBDSYCD-|-AESOC-|-AESOCCD-|UPPER URINARY SYSTEM|SEVERE|N|DOSE REDUCED|-AEACNOTH-|-AEREL-|U|-AEPATT-|NOT RECOVERED/NOT RESOLVED|NA|Y|NA|N|U|Y|N|N|N|-AETOXGR-|BLINDED TREATMENT|-AESTDTC-|-AEENDTC-|-AESTDY-|-AEENDY-|-AEDUR-|UNKNOWN|-AESTTPT-|COINCIDENT|-AEENTPT-|Y|-ASTDTM-|-ASTDT-|D|S|-ASTDY-|-AENDTM-|-AENDT-|M|H|-AENDY-|-TRTEMFL-|-PREFL-|-FUPFL-|-AREL-|-ATOXGR-|-ADURN-|Watt|-LDOSEDTM-|-LDOSEDT-|-LDRELD-|-AOCCIFL-|-AOCCPIFL-|-AOCCSIFL-|-AOCXIFL-|-AOCXPIFL-|-AOCXSIFL-|-ANL01FL-
1234|72d930fd-bc9b-428b-9d25-e9d2ecf3211b|7571d772-6946-4ec1-96a8-fd028daff8aa|Site_02|ES|Non-Hispanic|35|Years|35|Years|M|WHITE|NA|U|PPROTFL|TRT01P|TRT01A|TRTSDTM|TRTSDT|TRTEDTM|TRTEDT|-DOMAIN-|55|Group_01|40bd2344-3ce9-454a-8e79-3123836c1cda|-AETERM-|-AEMODIFY-|-AELLT-|-AELLTCD-|-AEDECOD-|-AEPTCD-|-AEHLT-|-AEHLTCD-|-AEHLGT-|-AEHLGTCD-|-AECAT-|-AESCAT-|Y|-AEBODSYS-|-AEBDSYCD-|-AESOC-|-AESOCCD-|SUPRACLAVICULAR FOSSA|MILD|Y|DRUG INTERRUPTED|-AEACNOTH-|-AEREL-|NA|-AEPATT-|NOT RECOVERED/NOT RESOLVED|U|U|Y|U|NA|U|U|NA|Y|-AETOXGR-|CONTINUATION TREATMENT|-AESTDTC-|-AEENDTC-|-AESTDY-|-AEENDY-|-AEDUR-|DURING/AFTER|-AESTTPT-|DURING|-AEENTPT-|Y|-ASTDTM-|-ASTDT-|D|S|-ASTDY-|-AENDTM-|-AENDT-|M|H|-AENDY-|-TRTEMFL-|-PREFL-|-FUPFL-|-AREL-|-ATOXGR-|-ADURN-|CFU/g|-LDOSEDTM-|-LDOSEDT-|-LDRELD-|-AOCCIFL-|-AOCCPIFL-|-AOCCSIFL-|-AOCXIFL-|-AOCXPIFL-|-AOCXSIFL-|-ANL01FL-
1234|1aa7faee-c2f2-42d4-abcd-4f1b514cf4cc|eb889b5e-cba7-493f-8dc6-275847579413|Site_03|UK|Non-Hispanic|30|Years|30|Years|M|NOT REPORTED|N|Y|PPROTFL|TRT01P|TRT01A|TRTSDTM|TRTSDT|TRTEDTM|TRTEDT|-DOMAIN-|56|Group_01|ed6f3827-9673-4935-be9f-6e89a32a1791|-AETERM-|-AEMODIFY-|-AELLT-|-AELLTCD-|-AEDECOD-|-AEPTCD-|-AEHLT-|-AEHLTCD-|-AEHLGT-|-AEHLGTCD-|-AECAT-|-AESCAT-|NA|-AEBODSYS-|-AEBDSYCD-|-AESOC-|-AESOCCD-|TROCHANTER|SEVERE|Y|UNKNOWN|-AEACNOTH-|-AEREL-|Y|-AEPATT-|RECOVERED/RESOLVED WITH SEQUELAE|N|NA|N|Y|NA|N|U|N|U|-AETOXGR-|OPEN LABEL TREATMENT|-AESTDTC-|-AEENDTC-|-AESTDY-|-AEENDY-|-AEDUR-|DURING|-AESTTPT-|DURING|-AEENTPT-|N|-ASTDTM-|-ASTDT-|M|H|-ASTDY-|-AENDTM-|-AENDT-|Y|M|-AENDY-|-TRTEMFL-|-PREFL-|-FUPFL-|-AREL-|-ATOXGR-|-ADURN-|mL/cage/day|-LDOSEDTM-|-LDOSEDT-|-LDRELD-|-AOCCIFL-|-AOCCPIFL-|-AOCCSIFL-|-AOCXIFL-|-AOCXPIFL-|-AOCXSIFL-|-ANL01FL-
1234|42f174e9-e91b-48a8-9d42-183b5ae066f2|452a5856-c1a7-4ff2-8460-e5a964d1012d|Site_03|DE|Non-Hispanic|64|Years|64|Years|M|WHITE|NA|U|PPROTFL|TRT01P|TRT01A|TRTSDTM|TRTSDT|TRTEDTM|TRTEDT|-DOMAIN-|57|Group_03|13237816-6743-40dd-a1c3-42cb5cf6316a|-AETERM-|-AEMODIFY-|-AELLT-|-AELLTCD-|-AEDECOD-|-AEPTCD-|-AEHLT-|-AEHLTCD-|-AEHLGT-|-AEHLGTCD-|-AECAT-|-AESCAT-|U|-AEBODSYS-|-AEBDSYCD-|-AESOC-|-AESOCCD-|LUNG, RIGHT, MIDDLE LOBE, LATERAL SEGMENT|SEVERE|NA|DOSE REDUCED|-AEACNOTH-|-AEREL-|NA|-AEPATT-|RECOVERED/RESOLVED WITH SEQUELAE|U|U|NA|Y|NA|U|NA|N|N|-AETOXGR-|RUN-IN|-AESTDTC-|-AEENDTC-|-AESTDY-|-AEENDY-|-AEDUR-|DURING|-AESTTPT-|AFTER|-AEENTPT-|NA|-ASTDTM-|-ASTDT-|D|H|-ASTDY-|-AENDTM-|-AENDT-|D|S|-AENDY-|-TRTEMFL-|-PREFL-|-FUPFL-|-AREL-|-ATOXGR-|-ADURN-|mmol/s|-LDOSEDTM-|-LDOSEDT-|-LDRELD-|-AOCCIFL-|-AOCCPIFL-|-AOCCSIFL-|-AOCXIFL-|-AOCXPIFL-|-AOCXSIFL-|-ANL01FL-
1234|50650645-e7b6-4bdd-8e5b-91bb0bccb2d0|88fc7721-d1ea-4b9d-af43-8a0f6a8e5fbe|Site_03|ES|Non-Hispanic|48|Years|48|Years|M|WHITE|N|U|PPROTFL|TRT01P|TRT01A|TRTSDTM|TRTSDT|TRTEDTM|TRTEDT|-DOMAIN-|58|Group_03|a5f34feb-90da-4f62-94ba-1c08ac9f2d74|-AETERM-|-AEMODIFY-|-AELLT-|-AELLTCD-|-AEDECOD-|-AEPTCD-|-AEHLT-|-AEHLTCD-|-AEHLGT-|-AEHLGTCD-|-AECAT-|-AESCAT-|NA|-AEBODSYS-|-AEBDSYCD-|-AESOC-|-AESOCCD-|C4 VERTEBRA|MILD|U|DOSE NOT CHANGED|-AEACNOTH-|-AEREL-|Y|-AEPATT-|NOT RECOVERED/NOT RESOLVED|U|N|Y|Y|U|N|N|Y|U|-AETOXGR-|TREATMENT|-AESTDTC-|-AEENDTC-|-AESTDY-|-AEENDY-|-AEDUR-|DURING|-AESTTPT-|ONGOING|-AEENTPT-|NA|-ASTDTM-|-ASTDT-|D|S|-ASTDY-|-AENDTM-|-AENDT-|D|M|-AENDY-|-TRTEMFL-|-PREFL-|-FUPFL-|-AREL-|-ATOXGR-|-ADURN-|mV/sec|-LDOSEDTM-|-LDOSEDT-|-LDRELD-|-AOCCIFL-|-AOCCPIFL-|-AOCCSIFL-|-AOCXIFL-|-AOCXPIFL-|-AOCXSIFL-|-ANL01FL-
1234|ef1192ff-1564-46a0-acd2-1632d5a22774|b8351589-3393-487f-9a59-e3157e0cd9c8|Site_04|DE|Non-Hispanic|47|Years|47|Years|F|BLACK OR AFRICAN AMERICAN|N|NA|PPROTFL|TRT01P|TRT01A|TRTSDTM|TRTSDT|TRTEDTM|TRTEDT|-DOMAIN-|59|Group_04|0d0660bb-b159-4eda-88c5-81ed6350a830|-AETERM-|-AEMODIFY-|-AELLT-|-AELLTCD-|-AEDECOD-|-AEPTCD-|-AEHLT-|-AEHLTCD-|-AEHLGT-|-AEHLGTCD-|-AECAT-|-AESCAT-|N|-AEBODSYS-|-AEBDSYCD-|-AESOC-|-AESOCCD-|VULVA|MODERATE|U|DRUG WITHDRAWN|-AEACNOTH-|-AEREL-|Y|-AEPATT-|FATAL|N|NA|Y|U|N|N|Y|U|N|-AETOXGR-|RUN-IN|-AESTDTC-|-AEENDTC-|-AESTDY-|-AEENDY-|-AEDUR-|COINCIDENT|-AESTTPT-|DURING/AFTER|-AEENTPT-|NA|-ASTDTM-|-ASTDT-|M|H|-ASTDY-|-AENDTM-|-AENDT-|Y|S|-AENDY-|-TRTEMFL-|-PREFL-|-FUPFL-|-AREL-|-ATOXGR-|-ADURN-|mL/cm|-LDOSEDTM-|-LDOSEDT-|-LDRELD-|-AOCCIFL-|-AOCCPIFL-|-AOCCSIFL-|-AOCXIFL-|-AOCXPIFL-|-AOCXSIFL-|-ANL01FL-
1234|d9721ffa-8051-4c91-8814-2b7be3c4616a|3cc06afc-7b24-4a37-b812-aea19ff5082a|Site_04|DE|Non-Hispanic|76|Years|76|Years|F|WHITE|NA|NA|PPROTFL|TRT01P|TRT01A|TRTSDTM|TRTSDT|TRTEDTM|TRTEDT|-DOMAIN-|60|Group_04|0eca6ff8-a7b1-4bf7-bdd2-df5abf5b7c1b|-AETERM-|-AEMODIFY-|-AELLT-|-AELLTCD-|-AEDECOD-|-AEPTCD-|-AEHLT-|-AEHLTCD-|-AEHLGT-|-AEHLGTCD-|-AECAT-|-AESCAT-|Y|-AEBODSYS-|-AEBDSYCD-|-AESOC-|-AESOCCD-|LIP, UPPER|MODERATE|NA|DOSE NOT CHANGED|-AEACNOTH-|-AEREL-|N|-AEPATT-|FATAL|N|N|N|NA|NA|U|U|NA|Y|-AETOXGR-|BLINDED TREATMENT|-AESTDTC-|-AEENDTC-|-AESTDY-|-AEENDY-|-AEDUR-|BEFORE|-AESTTPT-|BEFORE|-AEENTPT-|N|-ASTDTM-|-ASTDT-|M|S|-ASTDY-|-AENDTM-|-AENDT-|Y|S|-AENDY-|-TRTEMFL-|-PREFL-|-FUPFL-|-AREL-|-ATOXGR-|-ADURN-|10^12 IU/L|-LDOSEDTM-|-LDOSEDT-|-LDRELD-|-AOCCIFL-|-AOCCPIFL-|-AOCCSIFL-|-AOCXIFL-|-AOCXPIFL-|-AOCXSIFL-|-ANL01FL-
1234|18aeae9e-588f-4679-b7d9-312fe0234c81|6fc991d0-43fc-42a1-bc58-a950efd63176|Site_04|ES|Non-Hispanic|79|Years|79|Years|M|ASIAN|Y|NA|PPROTFL|TRT01P|TRT01A|TRTSDTM|TRTSDT|TRTEDTM|TRTEDT|-DOMAIN-|61|Group_02|094e6ed8-8601-4aef-ad1c-b2553514e865|-AETERM-|-AEMODIFY-|-AELLT-|-AELLTCD-|-AEDECOD-|-AEPTCD-|-AEHLT-|-AEHLTCD-|-AEHLGT-|-AEHLGTCD-|-AECAT-|-AESCAT-|NA|-AEBODSYS-|-AEBDSYCD-|-AESOC-|-AESOCCD-|SOLEUS MUSCLE|SEVERE|Y|DOSE REDUCED|-AEACNOTH-|-AEREL-|Y|-AEPATT-|RECOVERED/RESOLVED WITH SEQUELAE|Y|Y|NA|Y|Y|U|NA|Y|N|-AETOXGR-|TREATMENT|-AESTDTC-|-AEENDTC-|-AESTDY-|-AEENDY-|-AEDUR-|AFTER|-AESTTPT-|ONGOING|-AEENTPT-|Y|-ASTDTM-|-ASTDT-|Y|M|-ASTDY-|-AENDTM-|-AENDT-|Y|M|-AENDY-|-TRTEMFL-|-PREFL-|-FUPFL-|-AREL-|-ATOXGR-|-ADURN-|uL|-LDOSEDTM-|-LDOSEDT-|-LDRELD-|-AOCCIFL-|-AOCCPIFL-|-AOCCSIFL-|-AOCXIFL-|-AOCXPIFL-|-AOCXSIFL-|-ANL01FL-
1234|1fa04db3-d516-4217-bdee-674945479cbc|b83911cb-c2af-448d-867f-c2b5c22ea050|Site_01|UK|Non-Hispanic|56|Years|56|Years|F|BLACK OR AFRICAN AMERICAN|Y|Y|PPROTFL|TRT01P|TRT01A|TRTSDTM|TRTSDT|TRTEDTM|TRTEDT|-DOMAIN-|62|Group_03|853eee8f-fde5-4270-b1b0-f402e583a105|-AETERM-|-AEMODIFY-|-AELLT-|-AELLTCD-|-AEDECOD-|-AEPTCD-|-AEHLT-|-AEHLTCD-|-AEHLGT-|-AEHLGTCD-|-AECAT-|-AESCAT-|U|-AEBODSYS-|-AEBDSYCD-|-AESOC-|-AESOCCD-|TRUNK|MODERATE|N|NOT APPLICABLE|-AEACNOTH-|-AEREL-|U|-AEPATT-|RECOVERING/RESOLVING|NA|Y|NA|U|Y|Y|Y|N|Y|-AETOXGR-|FOLLOW-UP|-AESTDTC-|-AEENDTC-|-AESTDY-|-AEENDY-|-AEDUR-|ONGOING|-AESTTPT-|DURING|-AEENTPT-|N|-ASTDTM-|-ASTDT-|D|M|-ASTDY-|-AENDTM-|-AENDT-|Y|S|-AENDY-|-TRTEMFL-|-PREFL-|-FUPFL-|-AREL-|-ATOXGR-|-ADURN-|STEPS|-LDOSEDTM-|-LDOSEDT-|-LDRELD-|-AOCCIFL-|-AOCCPIFL-|-AOCCSIFL-|-AOCXIFL-|-AOCXPIFL-|-AOCXSIFL-|-ANL01FL-
1234|e9ac6e0c-2541-422a-9c62-fcd87134a781|72809aed-05b9-4527-88de-57410c53590b|Site_03|ES|Non-Hispanic|72|Years|72|Years|M|WHITE|N|U|PPROTFL|TRT01P|TRT01A|TRTSDTM|TRTSDT|TRTEDTM|TRTEDT|-DOMAIN-|63|Group_03|ec5369fc-e050-45d9-925c-68e408467034|-AETERM-|-AEMODIFY-|-AELLT-|-AELLTCD-|-AEDECOD-|-AEPTCD-|-AEHLT-|-AEHLTCD-|-AEHLGT-|-AEHLGTCD-|-AECAT-|-AESCAT-|N|-AEBODSYS-|-AEBDSYCD-|-AESOC-|-AESOCCD-|THORACIC LYMPH NODE|MILD|N|DOSE NOT CHANGED|-AEACNOTH-|-AEREL-|N|-AEPATT-|NOT RECOVERED/NOT RESOLVED|U|Y|U|Y|N|N|U|N|N|-AETOXGR-|TREATMENT|-AESTDTC-|-AEENDTC-|-AESTDY-|-AEENDY-|-AEDUR-|BEFORE|-AESTTPT-|BEFORE|-AEENTPT-|U|-ASTDTM-|-ASTDT-|D|S|-ASTDY-|-AENDTM-|-AENDT-|D|M|-AENDY-|-TRTEMFL-|-PREFL-|-FUPFL-|-AREL-|-ATOXGR-|-ADURN-|Rad|-LDOSEDTM-|-LDOSEDT-|-LDRELD-|-AOCCIFL-|-AOCCPIFL-|-AOCCSIFL-|-AOCXIFL-|-AOCXPIFL-|-AOCXSIFL-|-ANL01FL-
1234|4bc736c2-1e54-484a-bd72-c9a4a3793cb7|7e5f2940-dab5-4e65-bcbc-f9f29e90889e|Site_03|DE|Non-Hispanic|53|Years|53|Years|M|WHITE|NA|U|PPROTFL|TRT01P|TRT01A|TRTSDTM|TRTSDT|TRTEDTM|TRTEDT|-DOMAIN-|64|Group_03|b5609ef7-2e89-493c-b9ae-4325c2b9858a|-AETERM-|-AEMODIFY-|-AELLT-|-AELLTCD-|-AEDECOD-|-AEPTCD-|-AEHLT-|-AEHLTCD-|-AEHLGT-|-AEHLGTCD-|-AECAT-|-AESCAT-|N|-AEBODSYS-|-AEBDSYCD-|-AESOC-|-AESOCCD-|MIDDLE PHALANX 5 OF THE HAND|SEVERE|N|DRUG INTERRUPTED|-AEACNOTH-|-AEREL-|N|-AEPATT-|FATAL|NA|U|N|NA|N|N|N|NA|NA|-AETOXGR-|INDUCTION TREATMENT|-AESTDTC-|-AEENDTC-|-AESTDY-|-AEENDY-|-AEDUR-|DURING/AFTER|-AESTTPT-|COINCIDENT|-AEENTPT-|Y|-ASTDTM-|-ASTDT-|Y|S|-ASTDY-|-AENDTM-|-AENDT-|Y|H|-AENDY-|-TRTEMFL-|-PREFL-|-FUPFL-|-AREL-|-ATOXGR-|-ADURN-|dyn|-LDOSEDTM-|-LDOSEDT-|-LDRELD-|-AOCCIFL-|-AOCCPIFL-|-AOCCSIFL-|-AOCXIFL-|-AOCXPIFL-|-AOCXSIFL-|-ANL01FL-
1234|83f35916-6078-4e0f-947a-bcb98b281868|cc57bce0-777b-49ab-8eff-545edfcc4c84|Site_02|UK|Non-Hispanic|61|Years|61|Years|F|WHITE|U|N|PPROTFL|TRT01P|TRT01A|TRTSDTM|TRTSDT|TRTEDTM|TRTEDT|-DOMAIN-|65|Group_01|2d0166d6-4f7c-4e52-a644-674125db3099|-AETERM-|-AEMODIFY-|-AELLT-|-AELLTCD-|-AEDECOD-|-AEPTCD-|-AEHLT-|-AEHLTCD-|-AEHLGT-|-AEHLGTCD-|-AECAT-|-AESCAT-|NA|-AEBODSYS-|-AEBDSYCD-|-AESOC-|-AESOCCD-|BRACHIAL PLEXUS|MILD|NA|UNKNOWN|-AEACNOTH-|-AEREL-|U|-AEPATT-|RECOVERED/RESOLVED WITH SEQUELAE|Y|Y|N|U|U|U|U|N|N|-AETOXGR-|RUN-IN|-AESTDTC-|-AEENDTC-|-AESTDY-|-AEENDY-|-AEDUR-|DURING/AFTER|-AESTTPT-|ONGOING|-AEENTPT-|NA|-ASTDTM-|-ASTDT-|Y|M|-ASTDY-|-AENDTM-|-AENDT-|M|M|-AENDY-|-TRTEMFL-|-PREFL-|-FUPFL-|-AREL-|-ATOXGR-|-ADURN-|in2|-LDOSEDTM-|-LDOSEDT-|-LDRELD-|-AOCCIFL-|-AOCCPIFL-|-AOCCSIFL-|-AOCXIFL-|-AOCXPIFL-|-AOCXSIFL-|-ANL01FL-
1234|5be037bc-af05-46bb-bbe6-1cb1b343ad29|7c4a414a-9dd8-4fda-b3da-a571135bcaf8|Site_02|ZA|Non-Hispanic|38|Years|38|Years|M|AMERICAN INDIAN OR ALASKA NATIVE|Y|Y|PPROTFL|TRT01P|TRT01A|TRTSDTM|TRTSDT|TRTEDTM|TRTEDT|-DOMAIN-|66|Group_01|48f05a4e-dcd1-4e89-a2ce-c6885ba108bf|-AETERM-|-AEMODIFY-|-AELLT-|-AELLTCD-|-AEDECOD-|-AEPTCD-|-AEHLT-|-AEHLTCD-|-AEHLGT-|-AEHLGTCD-|-AECAT-|-AESCAT-|NA|-AEBODSYS-|-AEBDSYCD-|-AESOC-|-AESOCCD-|LUNG, LEFT, SUPERIOR LOBE, SUPERIOR LINGULAR SEGMENT|SEVERE|N|DOSE NOT CHANGED|-AEACNOTH-|-AEREL-|Y|-AEPATT-|RECOVERING/RESOLVING|N|U|NA|N|NA|U|U|NA|NA|-AETOXGR-|LONG-TERM FOLLOW-UP|-AESTDTC-|-AEENDTC-|-AESTDY-|-AEENDY-|-AEDUR-|ONGOING|-AESTTPT-|DURING|-AEENTPT-|NA|-ASTDTM-|-ASTDT-|D|S|-ASTDY-|-AENDTM-|-AENDT-|M|H|-AENDY-|-TRTEMFL-|-PREFL-|-FUPFL-|-AREL-|-ATOXGR-|-ADURN-|FEU|-LDOSEDTM-|-LDOSEDT-|-LDRELD-|-AOCCIFL-|-AOCCPIFL-|-AOCCSIFL-|-AOCXIFL-|-AOCXPIFL-|-AOCXSIFL-|-ANL01FL-
1234|c2351bae-a16f-43a1-a72f-8969ad85b8e2|be4e362f-d955-455a-8a08-8c8c5be9eaf3|Site_03|DE|Non-Hispanic|74|Years|74|Years|F|WHITE|N|N|PPROTFL|TRT01P|TRT01A|TRTSDTM|TRTSDT|TRTEDTM|TRTEDT|-DOMAIN-|67|Group_02|e7ba2e79-67da-4d2c-98f5-443b249ee380|-AETERM-|-AEMODIFY-|-AELLT-|-AELLTCD-|-AEDECOD-|-AEPTCD-|-AEHLT-|-AEHLTCD-|-AEHLGT-|-AEHLGTCD-|-AECAT-|-AESCAT-|NA|-AEBODSYS-|-AEBDSYCD-|-AESOC-|-AESOCCD-|RAMUS INTERMEDIUS ARTERY|MODERATE|U|UNKNOWN|-AEACNOTH-|-AEREL-|Y|-AEPATT-|RECOVERED/RESOLVED WITH SEQUELAE|Y|N|Y|Y|N|Y|U|U|N|-AETOXGR-|OPEN LABEL TREATMENT|-AESTDTC-|-AEENDTC-|-AESTDY-|-AEENDY-|-AEDUR-|ONGOING|-AESTTPT-|UNKNOWN|-AEENTPT-|U|-ASTDTM-|-ASTDT-|Y|H|-ASTDY-|-AENDTM-|-AENDT-|D|M|-AENDY-|-TRTEMFL-|-PREFL-|-FUPFL-|-AREL-|-ATOXGR-|-ADURN-|pmol/day|-LDOSEDTM-|-LDOSEDT-|-LDRELD-|-AOCCIFL-|-AOCCPIFL-|-AOCCSIFL-|-AOCXIFL-|-AOCXPIFL-|-AOCXSIFL-|-ANL01FL-
1234|45fe2408-7185-48b6-9823-5baf47bfbf97|51689c51-ed17-4a95-92bb-30827251bbdc|Site_03|UK|Non-Hispanic|67|Years|67|Years|F|WHITE|Y|U|PPROTFL|TRT01P|TRT01A|TRTSDTM|TRTSDT|TRTEDTM|TRTEDT|-DOMAIN-|68|Group_03|d1444ad2-d4b2-41ef-8313-fd0ae8de624b|-AETERM-|-AEMODIFY-|-AELLT-|-AELLTCD-|-AEDECOD-|-AEPTCD-|-AEHLT-|-AEHLTCD-|-AEHLGT-|-AEHLGTCD-|-AECAT-|-AESCAT-|U|-AEBODSYS-|-AEBDSYCD-|-AESOC-|-AESOCCD-|FUNDUS OF THE STOMACH|SEVERE|U|DOSE NOT CHANGED|-AEACNOTH-|-AEREL-|N|-AEPATT-|NOT RECOVERED/NOT RESOLVED|Y|NA|U|NA|U|N|N|Y|N|-AETOXGR-|SCREENING|-AESTDTC-|-AEENDTC-|-AESTDY-|-AEENDY-|-AEDUR-|AFTER|-AESTTPT-|AFTER|-AEENTPT-|U|-ASTDTM-|-ASTDT-|Y|H|-ASTDY-|-AENDTM-|-AENDT-|Y|H|-AENDY-|-TRTEMFL-|-PREFL-|-FUPFL-|-AREL-|-ATOXGR-|-ADURN-|mOsm|-LDOSEDTM-|-LDOSEDT-|-LDRELD-|-AOCCIFL-|-AOCCPIFL-|-AOCCSIFL-|-AOCXIFL-|-AOCXPIFL-|-AOCXSIFL-|-ANL01FL-
1234|5f6eae72-59bc-4fb1-a8af-2d1baee4e4b4|12964905-5573-4f90-b557-418666195271|Site_01|ES|Hispanic|66|Years|66|Years|F|NATIVE HAWAIIAN OR OTHER PACIFIC ISLANDER|NA|U|PPROTFL|TRT01P|TRT01A|TRTSDTM|TRTSDT|TRTEDTM|TRTEDT|-DOMAIN-|69|Group_04|794d7e40-abdb-41b2-88f6-2674a0a5b77a|-AETERM-|-AEMODIFY-|-AELLT-|-AELLTCD-|-AEDECOD-|-AEPTCD-|-AEHLT-|-AEHLTCD-|-AEHLGT-|-AEHLGTCD-|-AECAT-|-AESCAT-|U|-AEBODSYS-|-AEBDSYCD-|-AESOC-|-AESOCCD-|C7 VERTEBRA|MILD|Y|DOSE INCREASED|-AEACNOTH-|-AEREL-|NA|-AEPATT-|UNKNOWN|NA|N|N|U|U|NA|N|U|U|-AETOXGR-|FOLLOW-UP|-AESTDTC-|-AEENDTC-|-AESTDY-|-AEENDY-|-AEDUR-|DURING|-AESTTPT-|DURING|-AEENTPT-|N|-ASTDTM-|-ASTDT-|M|S|-ASTDY-|-AENDTM-|-AENDT-|D|H|-AENDY-|-TRTEMFL-|-PREFL-|-FUPFL-|-AREL-|-ATOXGR-|-ADURN-|Bq/L|-LDOSEDTM-|-LDOSEDT-|-LDRELD-|-AOCCIFL-|-AOCCPIFL-|-AOCCSIFL-|-AOCXIFL-|-AOCXPIFL-|-AOCXSIFL-|-ANL01FL-
1234|5f406c65-ff40-4edd-9948-f0042410e676|79594f82-b8b7-40e4-b1e0-a1a55174feb9|Site_03|DE|Non-Hispanic|55|Years|55|Years|F|AMERICAN INDIAN OR ALASKA NATIVE|U|N|PPROTFL|TRT01P|TRT01A|TRTSDTM|TRTSDT|TRTEDTM|TRTEDT|-DOMAIN-|70|Group_03|5aef0901-b732-400b-8736-86ab76cd5774|-AETERM-|-AEMODIFY-|-AELLT-|-AELLTCD-|-AEDECOD-|-AEPTCD-|-AEHLT-|-AEHLTCD-|-AEHLGT-|-AEHLGTCD-|-AECAT-|-AESCAT-|U|-AEBODSYS-|-AEBDSYCD-|-AESOC-|-AESOCCD-|PINEAL GLAND|MODERATE|Y|NOT APPLICABLE|-AEACNOTH-|-AEREL-|N|-AEPATT-|RECOVERING/RESOLVING|Y|NA|Y|N|N|U|N|NA|NA|-AETOXGR-|OBSERVATION|-AESTDTC-|-AEENDTC-|-AESTDY-|-AEENDY-|-AEDUR-|UNKNOWN|-AESTTPT-|ONGOING|-AEENTPT-|NA|-ASTDTM-|-ASTDT-|Y|S|-ASTDY-|-AENDTM-|-AENDT-|Y|M|-AENDY-|-TRTEMFL-|-PREFL-|-FUPFL-|-AREL-|-ATOXGR-|-ADURN-|10^6/g|-LDOSEDTM-|-LDOSEDT-|-LDRELD-|-AOCCIFL-|-AOCCPIFL-|-AOCCSIFL-|-AOCXIFL-|-AOCXPIFL-|-AOCXSIFL-|-ANL01FL-
1234|ce3e6095-6920-4dda-8072-75652c7f4842|9708e76b-7de0-457a-8319-7c3dd149d4c5|Site_03|UK|Non-Hispanic|82|Years|82|Years|F|ASIAN|NA|NA|PPROTFL|TRT01P|TRT01A|TRTSDTM|TRTSDT|TRTEDTM|TRTEDT|-DOMAIN-|71|Group_01|ac2899c2-78de-4b60-972c-4228c1b8ae45|-AETERM-|-AEMODIFY-|-AELLT-|-AELLTCD-|-AEDECOD-|-AEPTCD-|-AEHLT-|-AEHLTCD-|-AEHLGT-|-AEHLGTCD-|-AECAT-|-AESCAT-|U|-AEBODSYS-|-AEBDSYCD-|-AESOC-|-AESOCCD-|PERIRECTAL LYMPH NODE|SEVERE|N|DRUG WITHDRAWN|-AEACNOTH-|-AEREL-|Y|-AEPATT-|RECOVERED/RESOLVED WITH SEQUELAE|Y|NA|U|NA|NA|NA|U|Y|NA|-AETOXGR-|SCREENING|-AESTDTC-|-AEENDTC-|-AESTDY-|-AEENDY-|-AEDUR-|COINCIDENT|-AESTTPT-|ONGOING|-AEENTPT-|U|-ASTDTM-|-ASTDT-|M|M|-ASTDY-|-AENDTM-|-AENDT-|Y|M|-AENDY-|-TRTEMFL-|-PREFL-|-FUPFL-|-AREL-|-ATOXGR-|-ADURN-|CIGARETTE|-LDOSEDTM-|-LDOSEDT-|-LDRELD-|-AOCCIFL-|-AOCCPIFL-|-AOCCSIFL-|-AOCXIFL-|-AOCXPIFL-|-AOCXSIFL-|-ANL01FL-
1234|2b79f741-0814-49c9-8ea2-51d942da40a4|ee2b1442-7110-47a5-8e1b-0f6575741655|Site_03|ZA|Non-Hispanic|74|Years|74|Years|F|WHITE|NA|N|PPROTFL|TRT01P|TRT01A|TRTSDTM|TRTSDT|TRTEDTM|TRTEDT|-DOMAIN-|72|Group_01|f1774146-5ddb-453f-b9c7-f1b5a2f4236f|-AETERM-|-AEMODIFY-|-AELLT-|-AELLTCD-|-AEDECOD-|-AEPTCD-|-AEHLT-|-AEHLTCD-|-AEHLGT-|-AEHLGTCD-|-AECAT-|-AESCAT-|Y|-AEBODSYS-|-AEBDSYCD-|-AESOC-|-AESOCCD-|METATARSOPHALANGEAL JOINT 5|MILD|U|DRUG INTERRUPTED|-AEACNOTH-|-AEREL-|N|-AEPATT-|NOT RECOVERED/NOT RESOLVED|N|NA|N|NA|Y|U|U|U|Y|-AETOXGR-|SCREENING|-AESTDTC-|-AEENDTC-|-AESTDY-|-AEENDY-|-AEDUR-|AFTER|-AESTTPT-|DURING/AFTER|-AEENTPT-|U|-ASTDTM-|-ASTDT-|Y|H|-ASTDY-|-AENDTM-|-AENDT-|Y|S|-AENDY-|-TRTEMFL-|-PREFL-|-FUPFL-|-AREL-|-ATOXGR-|-ADURN-|grain|-LDOSEDTM-|-LDOSEDT-|-LDRELD-|-AOCCIFL-|-AOCCPIFL-|-AOCCSIFL-|-AOCXIFL-|-AOCXPIFL-|-AOCXSIFL-|-ANL01FL-
1234|82c6c218-9ef8-46cc-9b51-499ae4c7a7e6|2b24769f-5ce0-4292-affe-8b23aa1c4f55|Site_02|VE|Hispanic|71|Years|71|Years|M|ASIAN|N|N|PPROTFL|TRT01P|TRT01A|TRTSDTM|TRTSDT|TRTEDTM|TRTEDT|-DOMAIN-|73|Group_04|f0ce1f2d-f70b-472e-b2c4-69f286a7433c|-AETERM-|-AEMODIFY-|-AELLT-|-AELLTCD-|-AEDECOD-|-AEPTCD-|-AEHLT-|-AEHLTCD-|-AEHLGT-|-AEHLGTCD-|-AECAT-|-AESCAT-|U|-AEBODSYS-|-AEBDSYCD-|-AESOC-|-AESOCCD-|AXILLARY LYMPH NODE LEVEL III|MODERATE|Y|DOSE RATE REDUCED|-AEACNOTH-|-AEREL-|Y|-AEPATT-|RECOVERING/RESOLVING|N|NA|NA|NA|U|NA|U|U|U|-AETOXGR-|SCREENING|-AESTDTC-|-AEENDTC-|-AESTDY-|-AEENDY-|-AEDUR-|COINCIDENT|-AESTTPT-|UNKNOWN|-AEENTPT-|NA|-ASTDTM-|-ASTDT-|M|H|-ASTDY-|-AENDTM-|-AENDT-|D|H|-AENDY-|-TRTEMFL-|-PREFL-|-FUPFL-|-AREL-|-ATOXGR-|-ADURN-|10^12 IU/L|-LDOSEDTM-|-LDOSEDT-|-LDRELD-|-AOCCIFL-|-AOCCPIFL-|-AOCCSIFL-|-AOCXIFL-|-AOCXPIFL-|-AOCXSIFL-|-ANL01FL-
1234|8cd3ade8-6bd0-4bff-a532-3b40cbe8eaa9|073b43f5-ee06-46cf-920b-32d42c02eaf3|Site_03|ES|Non-Hispanic|22|Years|22|Years|M|WHITE|U|NA|PPROTFL|TRT01P|TRT01A|TRTSDTM|TRTSDT|TRTEDTM|TRTEDT|-DOMAIN-|74|Group_02|dc206581-df95-4c13-a405-11dc38cc9fd3|-AETERM-|-AEMODIFY-|-AELLT-|-AELLTCD-|-AEDECOD-|-AEPTCD-|-AEHLT-|-AEHLTCD-|-AEHLGT-|-AEHLGTCD-|-AECAT-|-AESCAT-|U|-AEBODSYS-|-AEBDSYCD-|-AESOC-|-AESOCCD-|FIRST OBTUSE MARGINAL BRANCH ARTERY|SEVERE|U|DRUG INTERRUPTED|-AEACNOTH-|-AEREL-|U|-AEPATT-|FATAL|U|U|NA|NA|NA|U|Y|U|N|-AETOXGR-|FOLLOW-UP|-AESTDTC-|-AEENDTC-|-AESTDY-|-AEENDY-|-AEDUR-|UNKNOWN|-AESTTPT-|COINCIDENT|-AEENTPT-|NA|-ASTDTM-|-ASTDT-|M|M|-ASTDY-|-AENDTM-|-AENDT-|D|M|-AENDY-|-TRTEMFL-|-PREFL-|-FUPFL-|-AREL-|-ATOXGR-|-ADURN-|ukat|-LDOSEDTM-|-LDOSEDT-|-LDRELD-|-AOCCIFL-|-AOCCPIFL-|-AOCCSIFL-|-AOCXIFL-|-AOCXPIFL-|-AOCXSIFL-|-ANL01FL-
1234|863cf812-210c-4808-896e-213067910f59|388202d1-108f-4b24-9923-316d90508292|Site_04|VE|Non-Hispanic|41|Years|41|Years|M|BLACK OR AFRICAN AMERICAN|NA|NA|PPROTFL|TRT01P|TRT01A|TRTSDTM|TRTSDT|TRTEDTM|TRTEDT|-DOMAIN-|75|Group_03|4c346f7b-9a63-4af9-9bef-105e403e5f08|-AETERM-|-AEMODIFY-|-AELLT-|-AELLTCD-|-AEDECOD-|-AEPTCD-|-AEHLT-|-AEHLTCD-|-AEHLGT-|-AEHLGTCD-|-AECAT-|-AESCAT-|Y|-AEBODSYS-|-AEBDSYCD-|-AESOC-|-AESOCCD-|GLOSSOPHARYNGEAL NERVE|SEVERE|U|DOSE INCREASED|-AEACNOTH-|-AEREL-|U|-AEPATT-|RECOVERED/RESOLVED WITH SEQUELAE|U|N|NA|NA|N|NA|Y|N|NA|-AETOXGR-|BASELINE|-AESTDTC-|-AEENDTC-|-AESTDY-|-AEENDY-|-AEDUR-|ONGOING|-AESTTPT-|COINCIDENT|-AEENTPT-|Y|-ASTDTM-|-ASTDT-|M|S|-ASTDY-|-AENDTM-|-AENDT-|D|H|-AENDY-|-TRTEMFL-|-PREFL-|-FUPFL-|-AREL-|-ATOXGR-|-ADURN-|CAPSULE|-LDOSEDTM-|-LDOSEDT-|-LDRELD-|-AOCCIFL-|-AOCCPIFL-|-AOCCSIFL-|-AOCXIFL-|-AOCXPIFL-|-AOCXSIFL-|-ANL01FL-
1234|d93c7988-e61f-45fe-b166-7290a5f432fa|f15a015a-5445-4b15-a5b2-85111dafe25e|Site_01|ZA|Non-Hispanic|50|Years|50|Years|M|WHITE|NA|NA|PPROTFL|TRT01P|TRT01A|TRTSDTM|TRTSDT|TRTEDTM|TRTEDT|-DOMAIN-|76|Group_02|95850555-6ffc-44f6-9f26-5eed75a28fc6|-AETERM-|-AEMODIFY-|-AELLT-|-AELLTCD-|-AEDECOD-|-AEPTCD-|-AEHLT-|-AEHLTCD-|-AEHLGT-|-AEHLGTCD-|-AECAT-|-AESCAT-|NA|-AEBODSYS-|-AEBDSYCD-|-AESOC-|-AESOCCD-|NUCHAL LYMPH NODE|SEVERE|NA|DOSE RATE REDUCED|-AEACNOTH-|-AEREL-|N|-AEPATT-|RECOVERED/RESOLVED WITH SEQUELAE|Y|U|Y|NA|U|N|N|U|NA|-AETOXGR-|WASHOUT|-AESTDTC-|-AEENDTC-|-AESTDY-|-AEENDY-|-AEDUR-|COINCIDENT|-AESTTPT-|ONGOING|-AEENTPT-|NA|-ASTDTM-|-ASTDT-|D|H|-ASTDY-|-AENDTM-|-AENDT-|D|S|-AENDY-|-TRTEMFL-|-PREFL-|-FUPFL-|-AREL-|-ATOXGR-|-ADURN-|mg/g/h|-LDOSEDTM-|-LDOSEDT-|-LDRELD-|-AOCCIFL-|-AOCCPIFL-|-AOCCSIFL-|-AOCXIFL-|-AOCXPIFL-|-AOCXSIFL-|-ANL01FL-
1234|bc9821bd-38a7-4951-94db-0c3725821c50|b6f8b0d6-bce6-41e2-b262-d888ab782e53|Site_04|DE|Hispanic|78|Years|78|Years|F|WHITE|NA|N|PPROTFL|TRT01P|TRT01A|TRTSDTM|TRTSDT|TRTEDTM|TRTEDT|-DOMAIN-|77|Group_04|65f29f2e-f91a-417e-8e75-124c00700747|-AETERM-|-AEMODIFY-|-AELLT-|-AELLTCD-|-AEDECOD-|-AEPTCD-|-AEHLT-|-AEHLTCD-|-AEHLGT-|-AEHLGTCD-|-AECAT-|-AESCAT-|N|-AEBODSYS-|-AEBDSYCD-|-AESOC-|-AESOCCD-|ENDOCERVIX|MILD|NA|DRUG WITHDRAWN|-AEACNOTH-|-AEREL-|N|-AEPATT-|FATAL|Y|U|Y|Y|Y|NA|NA|U|NA|-AETOXGR-|SCREENING|-AESTDTC-|-AEENDTC-|-AESTDY-|-AEENDY-|-AEDUR-|BEFORE|-AESTTPT-|DURING|-AEENTPT-|NA|-ASTDTM-|-ASTDT-|Y|H|-ASTDY-|-AENDTM-|-AENDT-|M|H|-AENDY-|-TRTEMFL-|-PREFL-|-FUPFL-|-AREL-|-ATOXGR-|-ADURN-|ELISA unit|-LDOSEDTM-|-LDOSEDT-|-LDRELD-|-AOCCIFL-|-AOCCPIFL-|-AOCCSIFL-|-AOCXIFL-|-AOCXPIFL-|-AOCXSIFL-|-ANL01FL-
1234|877be309-9c24-49c8-8399-69ebc3310f22|96fe876d-59bd-425c-88f2-38c5c9201757|Site_02|DE|Non-Hispanic|57|Years|57|Years|M|BLACK OR AFRICAN AMERICAN|NA|U|PPROTFL|TRT01P|TRT01A|TRTSDTM|TRTSDT|TRTEDTM|TRTEDT|-DOMAIN-|78|Group_02|0cbe0fb6-8315-4cf8-b88f-c93665d50045|-AETERM-|-AEMODIFY-|-AELLT-|-AELLTCD-|-AEDECOD-|-AEPTCD-|-AEHLT-|-AEHLTCD-|-AEHLGT-|-AEHLGTCD-|-AECAT-|-AESCAT-|NA|-AEBODSYS-|-AEBDSYCD-|-AESOC-|-AESOCCD-|WRIST JOINT EXTENSOR TENDONS|MILD|NA|DOSE INCREASED|-AEACNOTH-|-AEREL-|U|-AEPATT-|RECOVERING/RESOLVING|U|N|NA|NA|U|N|U|N|N|-AETOXGR-|FOLLOW-UP|-AESTDTC-|-AEENDTC-|-AESTDY-|-AEENDY-|-AEDUR-|ONGOING|-AESTTPT-|BEFORE|-AEENTPT-|NA|-ASTDTM-|-ASTDT-|D|S|-ASTDY-|-AENDTM-|-AENDT-|D|H|-AENDY-|-TRTEMFL-|-PREFL-|-FUPFL-|-AREL-|-ATOXGR-|-ADURN-|%(w/w)|-LDOSEDTM-|-LDOSEDT-|-LDRELD-|-AOCCIFL-|-AOCCPIFL-|-AOCCSIFL-|-AOCXIFL-|-AOCXPIFL-|-AOCXSIFL-|-ANL01FL-
1234|51b1e27b-7c91-467c-90f5-7dd6c5a5bf39|1971f884-bfb1-4be3-a47f-d5c152827a06|Site_01|ES|Non-Hispanic|56|Years|56|Years|F|WHITE|N|NA|PPROTFL|TRT01P|TRT01A|TRTSDTM|TRTSDT|TRTEDTM|TRTEDT|-DOMAIN-|79|Group_03|c746e104-d453-4bb6-8e73-a7af1f2d7faf|-AETERM-|-AEMODIFY-|-AELLT-|-AELLTCD-|-AEDECOD-|-AEPTCD-|-AEHLT-|-AEHLTCD-|-AEHLGT-|-AEHLGTCD-|-AECAT-|-AESCAT-|N|-AEBODSYS-|-AEBDSYCD-|-AESOC-|-AESOCCD-|LACRIMAL BONE|SEVERE|N|DOSE NOT CHANGED|-AEACNOTH-|-AEREL-|NA|-AEPATT-|FATAL|NA|Y|Y|U|Y|Y|N|U|NA|-AETOXGR-|INDUCTION TREATMENT|-AESTDTC-|-AEENDTC-|-AESTDY-|-AEENDY-|-AEDUR-|AFTER|-AESTTPT-|ONGOING|-AEENTPT-|NA|-ASTDTM-|-ASTDT-|Y|H|-ASTDY-|-AENDTM-|-AENDT-|M|H|-AENDY-|-TRTEMFL-|-PREFL-|-FUPFL-|-AREL-|-ATOXGR-|-ADURN-|PIXELS/in|-LDOSEDTM-|-LDOSEDT-|-LDRELD-|-AOCCIFL-|-AOCCPIFL-|-AOCCSIFL-|-AOCXIFL-|-AOCXPIFL-|-AOCXSIFL-|-ANL01FL-
1234|cc414ed6-5fd6-4c44-9dee-f0a07b15d1ac|abfd1358-3bbc-49d8-8c5b-96bdb52d650c|Site_04|UK|Non-Hispanic|24|Years|24|Years|M|WHITE|NA|NA|PPROTFL|TRT01P|TRT01A|TRTSDTM|TRTSDT|TRTEDTM|TRTEDT|-DOMAIN-|80|Group_03|deca628b-5aeb-4199-9cbd-7520ed479dbc|-AETERM-|-AEMODIFY-|-AELLT-|-AELLTCD-|-AEDECOD-|-AEPTCD-|-AEHLT-|-AEHLTCD-|-AEHLGT-|-AEHLGTCD-|-AECAT-|-AESCAT-|NA|-AEBODSYS-|-AEBDSYCD-|-AESOC-|-AESOCCD-|MESENTERIC LYMPH NODE|SEVERE|U|DOSE REDUCED|-AEACNOTH-|-AEREL-|N|-AEPATT-|NOT RECOVERED/NOT RESOLVED|N|U|Y|U|U|N|NA|NA|N|-AETOXGR-|BLINDED TREATMENT|-AESTDTC-|-AEENDTC-|-AESTDY-|-AEENDY-|-AEDUR-|DURING|-AESTTPT-|COINCIDENT|-AEENTPT-|U|-ASTDTM-|-ASTDT-|Y|S|-ASTDY-|-AENDTM-|-AENDT-|M|H|-AENDY-|-TRTEMFL-|-PREFL-|-FUPFL-|-AREL-|-ATOXGR-|-ADURN-|mm3/mm2/year|-LDOSEDTM-|-LDOSEDT-|-LDRELD-|-AOCCIFL-|-AOCCPIFL-|-AOCCSIFL-|-AOCXIFL-|-AOCXPIFL-|-AOCXSIFL-|-ANL01FL-
1234|5fb778bd-9c5f-46c7-b803-e767f392745c|8ccded8f-4183-4d81-b1d1-12c33824b428|Site_03|ZA|Non-Hispanic|82|Years|82|Years|M|WHITE|NA|NA|PPROTFL|TRT01P|TRT01A|TRTSDTM|TRTSDT|TRTEDTM|TRTEDT|-DOMAIN-|81|Group_03|a30848cc-2629-4774-93dd-d43d1958d53a|-AETERM-|-AEMODIFY-|-AELLT-|-AELLTCD-|-AEDECOD-|-AEPTCD-|-AEHLT-|-AEHLTCD-|-AEHLGT-|-AEHLGTCD-|-AECAT-|-AESCAT-|Y|-AEBODSYS-|-AEBDSYCD-|-AESOC-|-AESOCCD-|BILE DUCT|MODERATE|Y|DOSE INCREASED|-AEACNOTH-|-AEREL-|U|-AEPATT-|NOT RECOVERED/NOT RESOLVED|U|NA|N|N|Y|Y|N|U|NA|-AETOXGR-|OBSERVATION|-AESTDTC-|-AEENDTC-|-AESTDY-|-AEENDY-|-AEDUR-|ONGOING|-AESTTPT-|ONGOING|-AEENTPT-|U|-ASTDTM-|-ASTDT-|D|S|-ASTDY-|-AENDTM-|-AENDT-|Y|H|-AENDY-|-TRTEMFL-|-PREFL-|-FUPFL-|-AREL-|-ATOXGR-|-ADURN-|ukat|-LDOSEDTM-|-LDOSEDT-|-LDRELD-|-AOCCIFL-|-AOCCPIFL-|-AOCCSIFL-|-AOCXIFL-|-AOCXPIFL-|-AOCXSIFL-|-ANL01FL-
1234|1ba55de1-f1f3-4e4e-b842-aac126e0dd03|38d4cd3c-7a4e-4b69-8a64-4a829717d903|Site_03|UK|Non-Hispanic|19|Years|19|Years|M|ASIAN|N|Y|PPROTFL|TRT01P|TRT01A|TRTSDTM|TRTSDT|TRTEDTM|TRTEDT|-DOMAIN-|82|Group_02|15a5ae21-2302-44b2-9029-2ee2707ce9a9|-AETERM-|-AEMODIFY-|-AELLT-|-AELLTCD-|-AEDECOD-|-AEPTCD-|-AEHLT-|-AEHLTCD-|-AEHLGT-|-AEHLGTCD-|-AECAT-|-AESCAT-|NA|-AEBODSYS-|-AEBDSYCD-|-AESOC-|-AESOCCD-|OROPHARYNX|MILD|Y|UNKNOWN|-AEACNOTH-|-AEREL-|Y|-AEPATT-|RECOVERED/RESOLVED|U|Y|Y|NA|Y|Y|U|NA|NA|-AETOXGR-|LONG-TERM FOLLOW-UP|-AESTDTC-|-AEENDTC-|-AESTDY-|-AEENDY-|-AEDUR-|UNKNOWN|-AESTTPT-|AFTER|-AEENTPT-|NA|-ASTDTM-|-ASTDT-|M|H|-ASTDY-|-AENDTM-|-AENDT-|D|M|-AENDY-|-TRTEMFL-|-PREFL-|-FUPFL-|-AREL-|-ATOXGR-|-ADURN-|10^9 CFU/mL|-LDOSEDTM-|-LDOSEDT-|-LDRELD-|-AOCCIFL-|-AOCCPIFL-|-AOCCSIFL-|-AOCXIFL-|-AOCXPIFL-|-AOCXSIFL-|-ANL01FL-
1234|4746dbd4-0664-4e42-80f2-31d7b02dcb5e|330a4552-006f-4f07-bffd-45e9be608d9b|Site_04|ZA|Non-Hispanic|41|Years|41|Years|M|WHITE|Y|N|PPROTFL|TRT01P|TRT01A|TRTSDTM|TRTSDT|TRTEDTM|TRTEDT|-DOMAIN-|83|Group_01|c3efe0e8-33b5-4d0e-9c99-d69e690232f8|-AETERM-|-AEMODIFY-|-AELLT-|-AELLTCD-|-AEDECOD-|-AEPTCD-|-AEHLT-|-AEHLTCD-|-AEHLGT-|-AEHLGTCD-|-AECAT-|-AESCAT-|NA|-AEBODSYS-|-AEBDSYCD-|-AESOC-|-AESOCCD-|BLADDER|MILD|N|DOSE NOT CHANGED|-AEACNOTH-|-AEREL-|U|-AEPATT-|RECOVERED/RESOLVED WITH SEQUELAE|U|U|Y|NA|N|NA|N|NA|U|-AETOXGR-|OPEN LABEL TREATMENT|-AESTDTC-|-AEENDTC-|-AESTDY-|-AEENDY-|-AEDUR-|COINCIDENT|-AESTTPT-|DURING|-AEENTPT-|N|-ASTDTM-|-ASTDT-|Y|H|-ASTDY-|-AENDTM-|-AENDT-|D|H|-AENDY-|-TRTEMFL-|-PREFL-|-FUPFL-|-AREL-|-ATOXGR-|-ADURN-|um/s|-LDOSEDTM-|-LDOSEDT-|-LDRELD-|-AOCCIFL-|-AOCCPIFL-|-AOCCSIFL-|-AOCXIFL-|-AOCXPIFL-|-AOCXSIFL-|-ANL01FL-
1234|3eab9c9e-ed63-4b21-9652-8d693d343316|6d68a601-b7ac-4a4e-8b12-85bd8428b5ee|Site_02|UK|Non-Hispanic|53|Years|53|Years|F|NATIVE HAWAIIAN OR OTHER PACIFIC ISLANDER|Y|Y|PPROTFL|TRT01P|TRT01A|TRTSDTM|TRTSDT|TRTEDTM|TRTEDT|-DOMAIN-|84|Group_02|0d5dfff6-1b3d-44b1-ac85-0382c7dea6d3|-AETERM-|-AEMODIFY-|-AELLT-|-AELLTCD-|-AEDECOD-|-AEPTCD-|-AEHLT-|-AEHLTCD-|-AEHLGT-|-AEHLGTCD-|-AECAT-|-AESCAT-|Y|-AEBODSYS-|-AEBDSYCD-|-AESOC-|-AESOCCD-|JOINT|MODERATE|Y|NOT APPLICABLE|-AEACNOTH-|-AEREL-|N|-AEPATT-|RECOVERED/RESOLVED|Y|NA|N|N|U|U|Y|Y|U|-AETOXGR-|INDUCTION TREATMENT|-AESTDTC-|-AEENDTC-|-AESTDY-|-AEENDY-|-AEDUR-|ONGOING|-AESTTPT-|COINCIDENT|-AEENTPT-|NA|-ASTDTM-|-ASTDT-|M|H|-ASTDY-|-AENDTM-|-AENDT-|Y|H|-AENDY-|-TRTEMFL-|-PREFL-|-FUPFL-|-AREL-|-ATOXGR-|-ADURN-|cL|-LDOSEDTM-|-LDOSEDT-|-LDRELD-|-AOCCIFL-|-AOCCPIFL-|-AOCCSIFL-|-AOCXIFL-|-AOCXPIFL-|-AOCXSIFL-|-ANL01FL-
1234|fac8dbd5-72c8-4b14-a379-1ec5bd18d4bc|21349f47-4e09-4c7a-81b8-e10acf4bb62d|Site_03|ES|Non-Hispanic|72|Years|72|Years|F|WHITE|N|U|PPROTFL|TRT01P|TRT01A|TRTSDTM|TRTSDT|TRTEDTM|TRTEDT|-DOMAIN-|85|Group_04|a9be5c15-7966-4f88-a84e-011d1ce1ae55|-AETERM-|-AEMODIFY-|-AELLT-|-AELLTCD-|-AEDECOD-|-AEPTCD-|-AEHLT-|-AEHLTCD-|-AEHLGT-|-AEHLGTCD-|-AECAT-|-AESCAT-|U|-AEBODSYS-|-AEBDSYCD-|-AESOC-|-AESOCCD-|INTERPHALANGEAL JOINT 4 OF THE FOOT|MODERATE|NA|DOSE INCREASED|-AEACNOTH-|-AEREL-|U|-AEPATT-|NOT RECOVERED/NOT RESOLVED|Y|N|NA|N|Y|U|NA|N|N|-AETOXGR-|FOLLOW-UP|-AESTDTC-|-AEENDTC-|-AESTDY-|-AEENDY-|-AEDUR-|UNKNOWN|-AESTTPT-|DURING/AFTER|-AEENTPT-|NA|-ASTDTM-|-ASTDT-|D|M|-ASTDY-|-AENDTM-|-AENDT-|M|S|-AENDY-|-TRTEMFL-|-PREFL-|-FUPFL-|-AREL-|-ATOXGR-|-ADURN-|10^7/L|-LDOSEDTM-|-LDOSEDT-|-LDRELD-|-AOCCIFL-|-AOCCPIFL-|-AOCCSIFL-|-AOCXIFL-|-AOCXPIFL-|-AOCXSIFL-|-ANL01FL-
1234|f330a557-d822-4c3c-89cb-eb4d77ec935b|4da0b7a2-bab5-43a4-be70-c199178e4061|Site_02|ES|Non-Hispanic|47|Years|47|Years|F|WHITE|NA|U|PPROTFL|TRT01P|TRT01A|TRTSDTM|TRTSDT|TRTEDTM|TRTEDT|-DOMAIN-|86|Group_03|d20c3bec-a049-4d98-ac46-4c051139074a|-AETERM-|-AEMODIFY-|-AELLT-|-AELLTCD-|-AEDECOD-|-AEPTCD-|-AEHLT-|-AEHLTCD-|-AEHLGT-|-AEHLGTCD-|-AECAT-|-AESCAT-|N|-AEBODSYS-|-AEBDSYCD-|-AESOC-|-AESOCCD-|REGIONAL LYMPH NODE|MODERATE|U|UNKNOWN|-AEACNOTH-|-AEREL-|U|-AEPATT-|RECOVERING/RESOLVING|U|U|U|N|N|N|U|U|Y|-AETOXGR-|LONG-TERM FOLLOW-UP|-AESTDTC-|-AEENDTC-|-AESTDY-|-AEENDY-|-AEDUR-|AFTER|-AESTTPT-|DURING/AFTER|-AEENTPT-|N|-ASTDTM-|-ASTDT-|M|H|-ASTDY-|-AENDTM-|-AENDT-|Y|M|-AENDY-|-TRTEMFL-|-PREFL-|-FUPFL-|-AREL-|-ATOXGR-|-ADURN-|copies/mL|-LDOSEDTM-|-LDOSEDT-|-LDRELD-|-AOCCIFL-|-AOCCPIFL-|-AOCCSIFL-|-AOCXIFL-|-AOCXPIFL-|-AOCXSIFL-|-ANL01FL-
1234|5037fa88-44d2-4093-bcec-1daf0b717a03|e0ba3f2e-9abf-4e67-aa93-a78379ea8737|Site_03|DE|Non-Hispanic|20|Years|20|Years|F|NATIVE HAWAIIAN OR OTHER PACIFIC ISLANDER|NA|N|PPROTFL|TRT01P|TRT01A|TRTSDTM|TRTSDT|TRTEDTM|TRTEDT|-DOMAIN-|87|Group_03|ca521c93-c5f2-42ab-9691-ed8fa44f3042|-AETERM-|-AEMODIFY-|-AELLT-|-AELLTCD-|-AEDECOD-|-AEPTCD-|-AEHLT-|-AEHLTCD-|-AEHLGT-|-AEHLGTCD-|-AECAT-|-AESCAT-|N|-AEBODSYS-|-AEBDSYCD-|-AESOC-|-AESOCCD-|SUBSTANTIA NIGRA|MODERATE|U|DOSE RATE REDUCED|-AEACNOTH-|-AEREL-|Y|-AEPATT-|FATAL|N|NA|N|Y|Y|Y|NA|U|NA|-AETOXGR-|LONG-TERM FOLLOW-UP|-AESTDTC-|-AEENDTC-|-AESTDY-|-AEENDY-|-AEDUR-|COINCIDENT|-AESTTPT-|ONGOING|-AEENTPT-|Y|-ASTDTM-|-ASTDT-|Y|M|-ASTDY-|-AENDTM-|-AENDT-|M|M|-AENDY-|-TRTEMFL-|-PREFL-|-FUPFL-|-AREL-|-ATOXGR-|-ADURN-|GBq/ug|-LDOSEDTM-|-LDOSEDT-|-LDRELD-|-AOCCIFL-|-AOCCPIFL-|-AOCCSIFL-|-AOCXIFL-|-AOCXPIFL-|-AOCXSIFL-|-ANL01FL-
1234|68f27f9b-15cc-4851-b109-78cdc6efa2f8|3e4f4093-0d5b-4633-8138-907c85dbd891|Site_03|DE|Hispanic|50|Years|50|Years|M|BLACK OR AFRICAN AMERICAN|N|U|PPROTFL|TRT01P|TRT01A|TRTSDTM|TRTSDT|TRTEDTM|TRTEDT|-DOMAIN-|88|Group_04|ea8b0033-e58e-4f24-b4b7-5cef3a6071d3|-AETERM-|-AEMODIFY-|-AELLT-|-AELLTCD-|-AEDECOD-|-AEPTCD-|-AEHLT-|-AEHLTCD-|-AEHLGT-|-AEHLGTCD-|-AECAT-|-AESCAT-|N|-AEBODSYS-|-AEBDSYCD-|-AESOC-|-AESOCCD-|L4 VERTEBRA|SEVERE|N|UNKNOWN|-AEACNOTH-|-AEREL-|Y|-AEPATT-|RECOVERED/RESOLVED|U|U|U|NA|U|NA|N|Y|Y|-AETOXGR-|RUN-IN|-AESTDTC-|-AEENDTC-|-AESTDY-|-AEENDY-|-AEDUR-|DURING/AFTER|-AESTTPT-|ONGOING|-AEENTPT-|NA|-ASTDTM-|-ASTDT-|M|S|-ASTDY-|-AENDTM-|-AENDT-|M|M|-AENDY-|-TRTEMFL-|-PREFL-|-FUPFL-|-AREL-|-ATOXGR-|-ADURN-|CAPSULE|-LDOSEDTM-|-LDOSEDT-|-LDRELD-|-AOCCIFL-|-AOCCPIFL-|-AOCCSIFL-|-AOCXIFL-|-AOCXPIFL-|-AOCXSIFL-|-ANL01FL-
1234|29ef1421-58a9-4597-a592-e2d33730b211|572b926b-5971-49d1-8cfb-c092975a6124|Site_03|VE|Non-Hispanic|35|Years|35|Years|M|BLACK OR AFRICAN AMERICAN|Y|U|PPROTFL|TRT01P|TRT01A|TRTSDTM|TRTSDT|TRTEDTM|TRTEDT|-DOMAIN-|89|Group_03|66f18ffa-4f62-4a2c-ac37-c066681149bf|-AETERM-|-AEMODIFY-|-AELLT-|-AELLTCD-|-AEDECOD-|-AEPTCD-|-AEHLT-|-AEHLTCD-|-AEHLGT-|-AEHLGTCD-|-AECAT-|-AESCAT-|NA|-AEBODSYS-|-AEBDSYCD-|-AESOC-|-AESOCCD-|LACRIMAL GLAND|MILD|Y|UNKNOWN|-AEACNOTH-|-AEREL-|N|-AEPATT-|RECOVERED/RESOLVED WITH SEQUELAE|N|N|U|Y|Y|Y|NA|U|N|-AETOXGR-|FOLLOW-UP|-AESTDTC-|-AEENDTC-|-AESTDY-|-AEENDY-|-AEDUR-|COINCIDENT|-AESTTPT-|ONGOING|-AEENTPT-|Y|-ASTDTM-|-ASTDT-|M|H|-ASTDY-|-AENDTM-|-AENDT-|M|H|-AENDY-|-TRTEMFL-|-PREFL-|-FUPFL-|-AREL-|-ATOXGR-|-ADURN-|GPS U|-LDOSEDTM-|-LDOSEDT-|-LDRELD-|-AOCCIFL-|-AOCCPIFL-|-AOCCSIFL-|-AOCXIFL-|-AOCXPIFL-|-AOCXSIFL-|-ANL01FL-
1234|238d6b55-bb57-4239-97ae-6a9fb7c42e16|c38a6c00-54dd-4c37-9295-5b03cdaab9a7|Site_03|ZA|Non-Hispanic|53|Years|53|Years|F|BLACK OR AFRICAN AMERICAN|U|Y|PPROTFL|TRT01P|TRT01A|TRTSDTM|TRTSDT|TRTEDTM|TRTEDT|-DOMAIN-|90|Group_02|f4347c58-57c1-4515-87f9-4b7a70803ea6|-AETERM-|-AEMODIFY-|-AELLT-|-AELLTCD-|-AEDECOD-|-AEPTCD-|-AEHLT-|-AEHLTCD-|-AEHLGT-|-AEHLGTCD-|-AECAT-|-AESCAT-|Y|-AEBODSYS-|-AEBDSYCD-|-AESOC-|-AESOCCD-|BRAIN|MODERATE|NA|DOSE REDUCED|-AEACNOTH-|-AEREL-|Y|-AEPATT-|RECOVERED/RESOLVED WITH SEQUELAE|NA|Y|NA|Y|U|U|N|Y|NA|-AETOXGR-|CONTINUATION TREATMENT|-AESTDTC-|-AEENDTC-|-AESTDY-|-AEENDY-|-AEDUR-|BEFORE|-AESTTPT-|BEFORE|-AEENTPT-|Y|-ASTDTM-|-ASTDT-|M|H|-ASTDY-|-AENDTM-|-AENDT-|D|M|-AENDY-|-TRTEMFL-|-PREFL-|-FUPFL-|-AREL-|-ATOXGR-|-ADURN-|TRANSDUCING UNIT/mL|-LDOSEDTM-|-LDOSEDT-|-LDRELD-|-AOCCIFL-|-AOCCPIFL-|-AOCCSIFL-|-AOCXIFL-|-AOCXPIFL-|-AOCXSIFL-|-ANL01FL-
1234|9cf1b15b-8b82-415c-a660-a4f4573d06d1|89f98e57-59d2-413b-8b76-364f3edbbc09|Site_03|UK|Non-Hispanic|57|Years|57|Years|M|AMERICAN INDIAN OR ALASKA NATIVE|N|U|PPROTFL|TRT01P|TRT01A|TRTSDTM|TRTSDT|TRTEDTM|TRTEDT|-DOMAIN-|91|Group_03|b180e5d5-f359-474e-9370-9f27175731f8|-AETERM-|-AEMODIFY-|-AELLT-|-AELLTCD-|-AEDECOD-|-AEPTCD-|-AEHLT-|-AEHLTCD-|-AEHLGT-|-AEHLGTCD-|-AECAT-|-AESCAT-|N|-AEBODSYS-|-AEBDSYCD-|-AESOC-|-AESOCCD-|HILAR LYMPH NODE|SEVERE|U|DOSE REDUCED|-AEACNOTH-|-AEREL-|U|-AEPATT-|RECOVERING/RESOLVING|Y|U|N|NA|U|U|U|U|NA|-AETOXGR-|BASELINE|-AESTDTC-|-AEENDTC-|-AESTDY-|-AEENDY-|-AEDUR-|BEFORE|-AESTTPT-|DURING/AFTER|-AEENTPT-|Y|-ASTDTM-|-ASTDT-|Y|H|-ASTDY-|-AENDTM-|-AENDT-|M|H|-AENDY-|-TRTEMFL-|-PREFL-|-FUPFL-|-AREL-|-ATOXGR-|-ADURN-|mmol/kg|-LDOSEDTM-|-LDOSEDT-|-LDRELD-|-AOCCIFL-|-AOCCPIFL-|-AOCCSIFL-|-AOCXIFL-|-AOCXPIFL-|-AOCXSIFL-|-ANL01FL-
1234|646d80f9-1fa7-452f-b7e5-6b3e620062c2|c79fd2b9-7d0c-4829-aa83-c2c996f1fd9f|Site_02|DE|Non-Hispanic|87|Years|87|Years|M|ASIAN|U|Y|PPROTFL|TRT01P|TRT01A|TRTSDTM|TRTSDT|TRTEDTM|TRTEDT|-DOMAIN-|92|Group_03|91ff8c1e-0c16-474c-bb2e-d96f8cd8012f|-AETERM-|-AEMODIFY-|-AELLT-|-AELLTCD-|-AEDECOD-|-AEPTCD-|-AEHLT-|-AEHLTCD-|-AEHLGT-|-AEHLGTCD-|-AECAT-|-AESCAT-|Y|-AEBODSYS-|-AEBDSYCD-|-AESOC-|-AESOCCD-|HAIR SHAFT|MODERATE|Y|DOSE REDUCED|-AEACNOTH-|-AEREL-|Y|-AEPATT-|RECOVERED/RESOLVED|NA|Y|U|N|N|Y|NA|Y|Y|-AETOXGR-|BASELINE|-AESTDTC-|-AEENDTC-|-AESTDY-|-AEENDY-|-AEDUR-|DURING/AFTER|-AESTTPT-|COINCIDENT|-AEENTPT-|N|-ASTDTM-|-ASTDT-|Y|S|-ASTDY-|-AENDTM-|-AENDT-|Y|M|-AENDY-|-TRTEMFL-|-PREFL-|-FUPFL-|-AREL-|-ATOXGR-|-ADURN-|vg/dose|-LDOSEDTM-|-LDOSEDT-|-LDRELD-|-AOCCIFL-|-AOCCPIFL-|-AOCCSIFL-|-AOCXIFL-|-AOCXPIFL-|-AOCXSIFL-|-ANL01FL-
1234|33368b26-4a2f-4ec2-8d66-a3855e7a367f|c25ecc80-6752-4554-8e9f-13174f3294e2|Site_01|VE|Non-Hispanic|47|Years|47|Years|M|AMERICAN INDIAN OR ALASKA NATIVE|N|U|PPROTFL|TRT01P|TRT01A|TRTSDTM|TRTSDT|TRTEDTM|TRTEDT|-DOMAIN-|93|Group_03|ac51c888-1393-47dd-9a66-6a6b59aabda9|-AETERM-|-AEMODIFY-|-AELLT-|-AELLTCD-|-AEDECOD-|-AEPTCD-|-AEHLT-|-AEHLTCD-|-AEHLGT-|-AEHLGTCD-|-AECAT-|-AESCAT-|U|-AEBODSYS-|-AEBDSYCD-|-AESOC-|-AESOCCD-|VASTUS INTERMEDIUS MUSCLE|SEVERE|N|UNKNOWN|-AEACNOTH-|-AEREL-|Y|-AEPATT-|NOT RECOVERED/NOT RESOLVED|U|U|NA|N|Y|NA|U|NA|U|-AETOXGR-|INDUCTION TREATMENT|-AESTDTC-|-AEENDTC-|-AESTDY-|-AEENDY-|-AEDUR-|COINCIDENT|-AESTTPT-|BEFORE|-AEENTPT-|U|-ASTDTM-|-ASTDT-|M|M|-ASTDY-|-AENDTM-|-AENDT-|M|H|-AENDY-|-TRTEMFL-|-PREFL-|-FUPFL-|-AREL-|-ATOXGR-|-ADURN-|m3|-LDOSEDTM-|-LDOSEDT-|-LDRELD-|-AOCCIFL-|-AOCCPIFL-|-AOCCSIFL-|-AOCXIFL-|-AOCXPIFL-|-AOCXSIFL-|-ANL01FL-
1234|7c966b06-7119-434e-97f5-bec1ab7882a8|13ba9c7e-75d8-486e-90fe-9d3ba34be88d|Site_03|DE|Non-Hispanic|73|Years|73|Years|M|BLACK OR AFRICAN AMERICAN|U|U|PPROTFL|TRT01P|TRT01A|TRTSDTM|TRTSDT|TRTEDTM|TRTEDT|-DOMAIN-|94|Group_03|82d666de-04ba-472a-9ee9-3a3d8cf3871a|-AETERM-|-AEMODIFY-|-AELLT-|-AELLTCD-|-AEDECOD-|-AEPTCD-|-AEHLT-|-AEHLTCD-|-AEHLGT-|-AEHLGTCD-|-AECAT-|-AESCAT-|U|-AEBODSYS-|-AEBDSYCD-|-AESOC-|-AESOCCD-|LUNG, RIGHT, INFERIOR LOBE, SUPERIOR SEGMENT|SEVERE|NA|DOSE INCREASED|-AEACNOTH-|-AEREL-|Y|-AEPATT-|RECOVERED/RESOLVED|NA|N|NA|Y|U|NA|NA|Y|Y|-AETOXGR-|SCREENING|-AESTDTC-|-AEENDTC-|-AESTDY-|-AEENDY-|-AEDUR-|COINCIDENT|-AESTTPT-|ONGOING|-AEENTPT-|NA|-ASTDTM-|-ASTDT-|M|M|-ASTDY-|-AENDTM-|-AENDT-|Y|H|-AENDY-|-TRTEMFL-|-PREFL-|-FUPFL-|-AREL-|-ATOXGR-|-ADURN-|fg|-LDOSEDTM-|-LDOSEDT-|-LDRELD-|-AOCCIFL-|-AOCCPIFL-|-AOCCSIFL-|-AOCXIFL-|-AOCXPIFL-|-AOCXSIFL-|-ANL01FL-
1234|8d45f542-a3d5-4545-ad56-be435fbf247f|4d4fbf37-d422-47e9-be13-c2926ff85e1b|Site_04|UK|Non-Hispanic|62|Years|62|Years|M|WHITE|N|U|PPROTFL|TRT01P|TRT01A|TRTSDTM|TRTSDT|TRTEDTM|TRTEDT|-DOMAIN-|95|Group_03|23537201-f515-4d4b-9f11-5834b1fc4867|-AETERM-|-AEMODIFY-|-AELLT-|-AELLTCD-|-AEDECOD-|-AEPTCD-|-AEHLT-|-AEHLTCD-|-AEHLGT-|-AEHLGTCD-|-AECAT-|-AESCAT-|Y|-AEBODSYS-|-AEBDSYCD-|-AESOC-|-AESOCCD-|ESOPHAGEAL LYMPH NODE|SEVERE|U|NOT APPLICABLE|-AEACNOTH-|-AEREL-|U|-AEPATT-|UNKNOWN|U|Y|N|U|NA|U|NA|Y|Y|-AETOXGR-|FOLLOW-UP|-AESTDTC-|-AEENDTC-|-AESTDY-|-AEENDY-|-AEDUR-|DURING|-AESTTPT-|DURING|-AEENTPT-|NA|-ASTDTM-|-ASTDT-|M|S|-ASTDY-|-AENDTM-|-AENDT-|Y|S|-AENDY-|-TRTEMFL-|-PREFL-|-FUPFL-|-AREL-|-ATOXGR-|-ADURN-|AFU|-LDOSEDTM-|-LDOSEDT-|-LDRELD-|-AOCCIFL-|-AOCCPIFL-|-AOCCSIFL-|-AOCXIFL-|-AOCXPIFL-|-AOCXSIFL-|-ANL01FL-
1234|29b36224-8d4b-4384-8e64-3452a8cf621b|bf80bca2-0ba8-4d26-aad8-cd2571e3f7e0|Site_03|DE|Non-Hispanic|71|Years|71|Years|F|WHITE|N|N|PPROTFL|TRT01P|TRT01A|TRTSDTM|TRTSDT|TRTEDTM|TRTEDT|-DOMAIN-|96|Group_03|b76d9f33-43f0-444d-8379-ee09f5f30c90|-AETERM-|-AEMODIFY-|-AELLT-|-AELLTCD-|-AEDECOD-|-AEPTCD-|-AEHLT-|-AEHLTCD-|-AEHLGT-|-AEHLGTCD-|-AECAT-|-AESCAT-|U|-AEBODSYS-|-AEBDSYCD-|-AESOC-|-AESOCCD-|ABDUCTOR POLLICIS BREVIS MUSCLE|MODERATE|N|UNKNOWN|-AEACNOTH-|-AEREL-|N|-AEPATT-|FATAL|Y|U|Y|U|NA|NA|N|N|U|-AETOXGR-|TREATMENT|-AESTDTC-|-AEENDTC-|-AESTDY-|-AEENDY-|-AEDUR-|DURING/AFTER|-AESTTPT-|DURING|-AEENTPT-|Y|-ASTDTM-|-ASTDT-|M|S|-ASTDY-|-AENDTM-|-AENDT-|D|S|-AENDY-|-TRTEMFL-|-PREFL-|-FUPFL-|-AREL-|-ATOXGR-|-ADURN-|s*kPa|-LDOSEDTM-|-LDOSEDT-|-LDRELD-|-AOCCIFL-|-AOCCPIFL-|-AOCCSIFL-|-AOCXIFL-|-AOCXPIFL-|-AOCXSIFL-|-ANL01FL-
